shipment_id,origin_district,destination_district,origin_terrain,destination_terrain,distance_km,shipping_mode,shipment_volume_units,inventory_level_units,demand_units,warehouse_processing_days,weather_delay,traffic_delay,road_condition,carrier_rating,scheduled_delivery_days,actual_delivery_days,transportation_cost_inr,late_delivery
UKL10001,Almora,Rudraprayag,Mid-Hill,High-Hill,-0.8675280196899574,Standard,-1.1643449772487167,-1.2867537803907625,-0.46670924983010964,-0.8605782171194813,0,0,Good,-2.210471521291322,0.7474310986120957,0.05172846286224445,-1.3962576109482712,1
UKL10002,Pauri Garhwal,Tehri Garhwal,Mid-Hill,Mid-Hill,0.04417992866136544,First Class,-1.1643449772487167,0.21411661984795335,-1.545875389305881,-0.1334786933451821,0,0,Poor,0.8287272302466839,-0.9839122283269446,-1.033837131611424,0.5023077066750086,1
UKL10003,Pithoragarh,Bageshwar,High-Hill,Mid-Hill,2.8065189363526892,Second Class,-1.1643449772487167,0.7673075226549718,1.5758326708085812,-0.4970284552323317,0,1,Good,0.645918282785751,0.03452502281366723,-0.024008671635918345,-0.3811040316843972,1
UKL10004,Pauri Garhwal,Almora,Mid-Hill,Mid-Hill,0.43588387662040945,First Class,-0.004638824610552831,-1.8898225514836602,0.5476142889904645,-0.8046474845214583,0,0,Moderate,-0.7708510600364774,-0.9839122283269446,-1.3704466182699258,0.9414471763565719,1
UKL10005,Chamoli,Champawat,High-Hill,Mid-Hill,0.7702415890221743,Second Class,-0.004638824610552831,1.3386358321114016,0.10761092740163083,-0.18940942594320515,0,0,Poor,0.04036364432141231,0.03452502281366723,1.0110654998389745,0.8050206379554998,1
UKL10006,Chamoli,Haridwar,High-Hill,Plain/Lower Hill,0.31438761484651245,Second Class,1.5416360455736655,1.3114297221372855,0.20950644271693983,0.7054822956251633,0,1,Moderate,-0.45093540197984494,0.03452502281366723,0.8848369423420367,0.5704191346256176,1
UKL10007,Uttarkashi,Pauri Garhwal,High-Hill,Mid-Hill,0.24732167834732155,First Class,-0.7777762597026621,-0.08968494152967196,0.4596136166726982,0.6775169293261518,0,0,Good,0.7144716380836014,-0.9839122283269446,-1.1853114006077496,0.29076306232840715,1
UKL10008,Nainital,Uttarkashi,Mid-Hill,High-Hill,2.082401216180262,Same Day,0.3819298929355018,-2.053059211328354,1.4183577835031045,1.6003740171935312,1,1,Moderate,-0.47378652041246105,-2.6134118301519234,-0.8907780997815609,2.7297082361848366,1
UKL10009,Rudraprayag,Champawat,High-Hill,Mid-Hill,-0.8373969467700311,Standard,1.92820476311972,-0.9920209223378426,1.645306885796292,1.2088588890073704,1,0,Good,0.5316626906226686,0.7474310986120957,0.9858197883395874,-0.23591914578967577,1
UKL10010,Rudraprayag,Pauri Garhwal,High-Hill,Mid-Hill,0.443659637373939,Standard,-0.7777762597026621,0.4499029062902888,-0.44818279250005355,0.5656554641301057,0,1,Moderate,-0.9993622443626424,0.7474310986120957,1.2887683263322385,0.28343049233372447,1
UKL10011,Almora,Haridwar,Mid-Hill,Plain/Lower Hill,1.023925783606071,Second Class,-0.7777762597026621,1.8782236799313625,0.8810905209314754,-0.04958259444814747,0,0,Moderate,1.4457074279273328,0.03452502281366723,0.2284484433579579,1.141341181711621,1
UKL10012,Dehradun,Pauri Garhwal,Plain/Lower Hill,Mid-Hill,-0.10939134622083992,Same Day,2.314773480665775,0.12342958660090106,1.385936483175506,0.3139671674390018,0,0,Good,-2.667493889943653,-2.6134118301519234,-2.7252998020703956,1.5096398779445543,1
UKL10013,Haridwar,Udham Singh Nagar,Plain/Lower Hill,Plain/Lower Hill,-1.4312706743208394,Second Class,-1.1643449772487167,0.1506356965750165,1.2516196675325986,2.0198545116787043,0,0,Moderate,-1.1136178365257259,0.03452502281366723,0.4135836610201337,-0.8019528128792238,1
UKL10014,Dehradun,Bageshwar,Plain/Lower Hill,Mid-Hill,-1.4361305247917955,First Class,1.5416360455736655,0.44536855462793645,0.3021387293672206,0.006348138149875597,0,0,Moderate,1.285749598899016,-0.9839122283269446,-0.21755912646455727,-0.516634367086119,1
UKL10015,Udham Singh Nagar,Champawat,Plain/Lower Hill,Mid-Hill,-0.688685522358781,Second Class,1.155067328027611,0.8353227975902611,0.09371608440408885,0.45379399893405953,0,0,Good,0.5773649274879008,0.03452502281366723,0.06014370002870682,-0.27506692226128876,1
UKL10016,Bageshwar,Uttarkashi,Mid-Hill,High-Hill,1.530322202679674,Same Day,0.3819298929355018,-0.9013338890907903,1.5573062134785256,-0.944474316016516,0,0,Good,1.7199208491187299,-2.6134118301519234,-1.9510979827558415,2.371257588819763,1
UKL10017,Dehradun,Nainital,Plain/Lower Hill,Mid-Hill,-0.16187773130716376,Standard,-0.004638824610552831,-0.13049410649084575,-1.4949276316482265,0.006348138149875597,0,0,Moderate,0.2803003878638854,0.7474310986120957,0.4640750840189094,-0.4083160136646646,1
UKL10018,Udham Singh Nagar,Pauri Garhwal,Plain/Lower Hill,Mid-Hill,-0.8957151524215016,First Class,0.7684986104815564,2.109475614711346,0.66803626163583,1.404616453100451,0,0,Poor,0.5773649274879008,-0.9839122283269446,-1.1095742661095869,0.16411328392024507,1
UKL10019,Udham Singh Nagar,Pauri Garhwal,Plain/Lower Hill,Mid-Hill,0.26287319985438,Same Day,-0.004638824610552831,1.2207426888902333,1.2516196675325986,-0.8046474845214583,0,0,Good,0.8515783486793,-2.6134118301519234,-2.388690315411894,0.9850352313249647,1
UKL10020,Almora,Rudraprayag,Mid-Hill,High-Hill,-1.7005063904117952,First Class,-0.3912075421566074,0.34107846639382644,-2.3147233685032114,-0.5529591878303548,0,0,Moderate,0.5088115721900525,-0.9839122283269446,-2.2119703349161806,-1.391776595951521,0
UKL10021,Uttarkashi,Bageshwar,High-Hill,Mid-Hill,0.20358302410871865,Second Class,0.7684986104815564,-2.057593562990707,0.8116163059437649,0.3139671674390018,0,0,Good,1.8570275597144306,0.03452502281366723,-0.15023722913285684,-0.15289815884987787,1
UKL10022,Champawat,Almora,Mid-Hill,Mid-Hill,-1.3661486780100305,Standard,2.314773480665775,-0.1758376231143719,-1.309663058347665,0.2021057022429557,0,0,Good,-0.03961527019274606,0.7474310986120957,0.2789398663567336,-0.9232661097912553,1
UKL10023,Nainital,Udham Singh Nagar,Mid-Hill,Plain/Lower Hill,0.22593833627511578,Standard,1.5416360455736655,0.517918181225578,-0.3092343625246324,0.006348138149875597,0,1,Poor,1.514260783225181,0.7474310986120957,1.5917168643248905,0.6386935085761092,1
UKL10024,Dehradun,Almora,Plain/Lower Hill,Mid-Hill,-0.982220490804516,Standard,2.314773480665775,-0.48417353615434955,-0.4389195638350257,0.6495515630271402,0,0,Good,-1.319277902419275,0.7474310986120957,1.2214464290005382,-0.7733150533999902,1
UKL10025,Almora,Haridwar,Mid-Hill,Plain/Lower Hill,0.11221783525474777,Standard,0.3819298929355018,-0.11689105150378803,-0.9067126114189433,-0.10551332704617054,0,0,Good,-1.8905558632346895,0.7474310986120957,0.03489798852931972,-0.25021765727930734,1
UKL10026,Haridwar,Almora,Plain/Lower Hill,Mid-Hill,-0.8665560495957664,Second Class,0.3819298929355018,1.642437393489027,-2.0414581228848827,-0.18940942594320515,0,1,Good,1.034387296140233,0.03452502281366723,0.0769741743616323,-0.708421808947047,1
UKL10027,Champawat,Rudraprayag,Mid-Hill,High-Hill,0.4747626803880565,Standard,-1.1643449772487167,0.35014716971853177,0.5615091319880072,0.006348138149875597,0,0,Moderate,0.7144716380836014,0.7474310986120957,0.7081169618463233,2.7297082361848366,1
UKL10028,Udham Singh Nagar,Uttarkashi,Plain/Lower Hill,High-Hill,0.38048158125151255,Standard,-0.3912075421566074,-0.15316586480260883,0.9459331215866723,-0.18940942594320515,0,0,Moderate,-1.319277902419275,0.7474310986120957,0.6239645901816974,0.07779264048284008,1
UKL10029,Dehradun,Pithoragarh,Plain/Lower Hill,High-Hill,-0.30281339496488424,Same Day,-1.9374824123408259,1.2479487988643494,-0.6380789801331292,0.45379399893405953,0,0,Moderate,-0.15387086235582859,-2.6134118301519234,-1.6144884960973398,0.8018431909578041,1
UKL10030,Champawat,Dehradun,Mid-Hill,Plain/Lower Hill,-2.0163966710239274,Standard,1.155067328027611,-0.09421929319202496,-0.7816590244410645,-0.5249938215313432,0,1,Good,-1.136468954958342,0.7474310986120957,1.2719378519993139,-1.8128697961461706,1
UKL10031,Chamoli,Uttarkashi,High-Hill,High-Hill,-0.061764811605472515,First Class,-1.1643449772487167,2.1502847796725195,0.5707723606530347,-0.2453401585412282,1,0,Moderate,-0.1995730992210628,-0.9839122283269446,-0.7308885936187721,0.27622013183895305,1
UKL10032,Nainital,Bageshwar,Mid-Hill,Mid-Hill,-1.3642047378216484,First Class,-0.004638824610552831,1.6106969318525586,-1.43008503099303,2.6910233028549806,1,0,Good,-1.0222133627952597,-0.9839122283269446,0.14429607169333272,-0.8357641078547062,1
UKL10033,Udham Singh Nagar,Nainital,Plain/Lower Hill,Mid-Hill,-1.8297784129392216,Second Class,-0.3912075421566074,1.0620403807078918,0.348454872692361,-1.280058711604654,0,0,Moderate,-1.8905558632346895,0.03452502281366723,-0.37744863262734524,-1.6177419612876647,1
UKL10034,Tehri Garhwal,Dehradun,Mid-Hill,Plain/Lower Hill,0.7216430843126156,Same Day,-1.1643449772487167,0.22318532317265807,1.038565408236953,-2.3986733635651145,0,0,Moderate,0.6916205196509853,-2.6134118301519234,-2.977756917064272,1.1623204791964086,1
UKL10035,Almora,Dehradun,Mid-Hill,Plain/Lower Hill,-1.372952468669369,Standard,1.92820476311972,1.4338572170208064,0.9274066642566159,-0.10551332704617054,0,1,Good,-0.10816862549059639,0.7474310986120957,0.5987188786823103,-1.340815234488475,1
UKL10036,Rudraprayag,Chamoli,High-Hill,High-Hill,0.9335325648462914,Standard,-1.5509136947947713,0.10075782828913799,-0.24902337620194964,0.14617496964493265,0,0,Good,-0.7022977047386271,0.7474310986120957,0.6071341158487726,-0.2461847437822317,1
UKL10037,Tehri Garhwal,Nainital,Mid-Hill,Mid-Hill,1.128898553778718,Second Class,-1.1643449772487167,-1.5134713635083932,-0.1610227038841833,-0.02161722814913594,0,0,Moderate,0.46310933532481824,0.03452502281366723,-0.4026943441267331,0.8974517563884749,1
UKL10038,Almora,Haridwar,Mid-Hill,Plain/Lower Hill,0.5185013346266595,Standard,1.5416360455736655,1.4157198103713962,-0.5547099221478766,0.8173437608212094,0,0,Good,-0.08531750705798029,0.7474310986120957,0.3799227123542835,0.3410726397919255,1
UKL10039,Uttarkashi,Pauri Garhwal,High-Hill,Mid-Hill,1.9414655525225413,Standard,-1.1643449772487167,1.1890022272537655,-1.1151352563820751,0.425828632635048,1,0,Moderate,-0.03961527019274606,0.7474310986120957,1.6842844731559787,1.0973864982434944,1
UKL10040,Bageshwar,Champawat,Mid-Hill,Mid-Hill,0.7420544562906299,Standard,0.3819298929355018,-0.7970438008566799,-0.860396468093803,0.48175936523307106,1,0,Good,0.006086966672486133,0.7474310986120957,1.5075644926602654,0.3989592062499499,1
UKL10041,Uttarkashi,Rudraprayag,High-Hill,High-Hill,1.2328993538571738,Standard,-0.3912075421566074,-0.47057048116729183,0.8440376062713633,2.6910233028549806,1,0,Good,-0.13101974392321247,0.7474310986120957,1.0363112113383623,0.8583447164168323,1
UKL10042,Bageshwar,Pithoragarh,Mid-Hill,High-Hill,0.2191345456157771,Standard,-1.5509136947947713,1.556284711904327,-2.5370408564638853,-1.2520933453056424,1,1,Good,0.04036364432141231,0.7474310986120957,0.7501931476786359,-0.8615503123360074,1
UKL10043,Haridwar,Rudraprayag,Plain/Lower Hill,High-Hill,0.5632119589594538,Second Class,-0.7777762597026621,-1.0872423072472472,1.9000456740845642,0.5376900978310941,0,1,Good,2.0626876256079796,0.03452502281366723,0.6239645901816974,-0.0724843079081889,1
UKL10044,Udham Singh Nagar,Nainital,Plain/Lower Hill,Mid-Hill,-1.2883910704747366,Second Class,0.3819298929355018,-0.24838724971201348,0.3299284153623052,-0.7487167519234352,0,0,Moderate,0.07464032197033646,0.03452502281366723,-0.18389817779870707,-1.0687361511857694,1
UKL10045,Haridwar,Pithoragarh,Plain/Lower Hill,High-Hill,-0.4009823744781927,Standard,-0.004638824610552831,-0.15316586480260883,0.13540061339671547,0.6495515630271402,0,1,Moderate,1.3771540726294824,0.7474310986120957,1.3645054608304021,-0.6034031120231996,1
UKL10046,Udham Singh Nagar,Almora,Plain/Lower Hill,Mid-Hill,0.27162093070210097,Second Class,-1.5509136947947713,1.6469717451513792,0.2234012857144818,1.852062313884635,0,0,Good,-0.13101974392321247,0.03452502281366723,0.6071341158487726,-0.05574160642033007,1
UKL10047,Udham Singh Nagar,Pauri Garhwal,Plain/Lower Hill,Mid-Hill,0.11416177544313055,Second Class,0.3819298929355018,0.8625289075643772,0.04276832674643468,0.7614130282231864,0,0,Good,0.09749144040295256,0.03452502281366723,-0.7982104909504726,0.23988317386530203,1
UKL10048,Nainital,Pauri Garhwal,Mid-Hill,Mid-Hill,-1.3204660835830453,Second Class,-0.004638824610552831,0.43176549964087874,1.5063584558208707,0.6495515630271402,0,0,Good,-0.9993622443626424,0.03452502281366723,-0.13340675479993136,-1.2997121060182801,1
UKL10049,Champawat,Haridwar,Mid-Hill,Plain/Lower Hill,-0.047185260192604876,Standard,1.5416360455736655,0.6403456761090988,-0.499130550157708,-0.18940942594320515,0,0,Good,-1.8448536263694564,0.7474310986120957,0.5818884043493848,-0.025352177442366428,1
UKL10050,Bageshwar,Uttarkashi,Mid-Hill,High-Hill,0.06264736045099811,Standard,0.7684986104815564,-1.400112571949578,0.6309833469757178,1.7122354823895773,0,0,Good,0.04036364432141231,0.7474310986120957,0.6828712503469354,-0.007916955455008543,1
UKL10051,Uttarkashi,Bageshwar,High-Hill,Mid-Hill,-0.5253945465346633,Standard,-0.004638824610552831,0.3229410597444157,0.6031936609806331,-0.4970284552323317,0,0,Moderate,-0.6337443494407778,0.7474310986120957,0.29577034068965835,-0.9932921532404766,1
UKL10052,Pauri Garhwal,Almora,Mid-Hill,Mid-Hill,-1.9250314821699568,Second Class,-0.004638824610552831,0.2549257848091265,0.23266451437951002,-1.224127979006631,0,0,Good,1.7199208491187299,0.03452502281366723,-0.6383209847876846,-2.0767201064548426,1
UKL10053,Dehradun,Nainital,Plain/Lower Hill,Mid-Hill,-0.8791916608202515,Same Day,-1.9374824123408259,-1.2640820220789994,-0.3926034205098853,-0.077547960747159,0,0,Poor,-1.5020868498802078,-2.6134118301519234,-1.925852271256454,0.36335550527576743,1
UKL10054,Almora,Champawat,Mid-Hill,Mid-Hill,0.698315802052027,Standard,2.314773480665775,1.95984200985371,0.9135118212590739,-1.0283704149135506,0,1,Moderate,-0.49663763884507817,0.7474310986120957,0.8006845706774108,0.8683251589095953,1
UKL10055,Chamoli,Rudraprayag,High-Hill,High-Hill,1.8053897393357767,Same Day,0.3819298929355018,-0.22118113973789805,0.9737228075817562,0.0902442370469102,0,0,Good,-0.08531750705798029,-2.6134118301519234,-1.9510979827558415,2.6318082426308282,1
UKL10056,Pithoragarh,Udham Singh Nagar,High-Hill,Plain/Lower Hill,-0.8879393916679721,Standard,0.3819298929355018,2.1412160763478147,-0.10081171756150092,0.006348138149875597,0,1,Moderate,0.8744294671119182,0.7474310986120957,0.7333626733457111,-1.060996216191382,1
UKL10057,Dehradun,Haridwar,Plain/Lower Hill,Plain/Lower Hill,-1.782151878323854,Second Class,-0.7777762597026621,0.5133838295632257,0.7375104766235405,0.17414033594394418,0,0,Good,1.1486428883033153,0.03452502281366723,-0.6130752732882967,-1.5080793033671853,1
UKL10058,Tehri Garhwal,Uttarkashi,Mid-Hill,High-Hill,-1.169810718983413,Standard,-1.1643449772487167,0.604070862810278,-0.37407696317982886,-0.3572016237372743,1,0,Poor,-1.6163424420432904,0.7474310986120957,1.1204635830029883,-1.3271685069983705,1
UKL10059,Haridwar,Bageshwar,Plain/Lower Hill,Mid-Hill,-0.2668505014798109,Second Class,-0.3912075421566074,-2.057593562990707,-0.09154848889647271,0.8173437608212094,0,1,Good,0.2803003878638854,0.03452502281366723,0.09380464869455704,0.02923473251805094,1
UKL10060,Uttarkashi,Rudraprayag,High-Hill,High-Hill,-0.1472981798942961,Standard,0.7684986104815564,-1.159791933844889,0.7143524049609703,-0.6088899204283779,1,1,Moderate,0.18889591413341897,0.7474310986120957,1.8946654023175424,-0.3135629147333736,1
UKL10061,Dehradun,Haridwar,Plain/Lower Hill,Plain/Lower Hill,-2.377969546063045,Standard,-0.004638824610552831,0.3229410597444157,1.0709867085645515,-2.4546040961631377,0,1,Good,0.9886850592750006,0.7474310986120957,-0.6888124077864596,-2.5754163390932194,0
UKL10062,Chamoli,Nainital,High-Hill,Mid-Hill,0.20552696429710088,Standard,1.155067328027611,-2.560906597511847,0.5244562173278944,0.5376900978310941,0,0,Moderate,-0.7708510600364774,0.7474310986120957,0.9774045511731243,0.3692622977714844,1
UKL10063,Haridwar,Almora,Plain/Lower Hill,Mid-Hill,0.3396588372954833,First Class,-0.004638824610552831,0.413628092991468,0.2697174290396222,-0.18940942594320515,0,0,Good,-0.9765111259300263,-0.9839122283269446,-0.5541686131230587,0.5333896561524694,1
UKL10064,Udham Singh Nagar,Champawat,Plain/Lower Hill,Mid-Hill,-0.5292824269114281,Standard,0.7684986104815564,-0.008066611607325027,-1.9766155222296864,1.292754987904405,0,1,Good,2.0626876256079796,0.7474310986120957,0.5061512698512219,-0.8355604253548536,1
UKL10065,Udham Singh Nagar,Bageshwar,Plain/Lower Hill,Mid-Hill,-0.1822891032851781,Standard,1.155067328027611,-0.48417353615434955,-0.6519738231306712,0.8732744934192319,0,1,Good,-0.679446586306011,0.7474310986120957,0.7586083848450983,-0.31889939622950414,1
UKL10066,Champawat,Haridwar,Mid-Hill,Plain/Lower Hill,0.067507210921954,First Class,-0.3912075421566074,0.34561281805617877,0.9088802069265601,-0.8326128508204698,0,0,Moderate,-0.7479999416038603,-0.9839122283269446,-1.2694637722723752,0.33072556879942866,1
UKL10067,Champawat,Almora,Mid-Hill,Mid-Hill,-1.135791765686722,Standard,-1.1643449772487167,-0.6519445476613964,-0.23512853320440766,0.8453091271202203,0,0,Good,0.2117470325660371,0.7474310986120957,-0.4700162414584335,-1.439641983416812,1
UKL10068,Uttarkashi,Pithoragarh,High-Hill,High-Hill,1.8588480945162915,Standard,-1.1643449772487167,0.200513564860895,-1.7079818909438722,1.5724086508945196,0,0,Moderate,-0.8165532969017096,0.7474310986120957,1.3392597493310143,1.1751117401871327,1
UKL10069,Nainital,Uttarkashi,Mid-Hill,High-Hill,0.9014575517379831,Same Day,-0.7777762597026621,-1.2686163737413518,0.5429826746579508,0.9571705923162666,0,0,Moderate,1.102940651438083,-2.6134118301519234,-2.50650363574237,1.5723740878990629,1
UKL10070,Nainital,Udham Singh Nagar,Mid-Hill,Plain/Lower Hill,0.44171569718555675,First Class,0.3819298929355018,0.24585708148442115,-0.012811045243733922,0.8173437608212094,0,0,Moderate,-0.33667980981676143,-0.9839122283269446,-1.084328554610199,1.0376260527868286,1
UKL10071,Chamoli,Uttarkashi,High-Hill,High-Hill,2.671415093260115,Second Class,0.3819298929355018,-1.0373644389613688,0.21876967138196804,2.0198545116787043,0,1,Good,-1.7305980342063738,0.03452502281366723,0.18637225752564532,2.3277917433512814,1
UKL10072,Dehradun,Champawat,Plain/Lower Hill,Mid-Hill,-0.9725007898626042,Standard,1.5416360455736655,1.4655976786572746,0.5105613743303523,-1.9232621364819187,1,0,Moderate,-0.47378652041246105,0.7474310986120957,1.4570730696614898,-0.9025312313062909,1
UKL10073,Chamoli,Bageshwar,High-Hill,Mid-Hill,1.0482250359608503,First Class,0.7684986104815564,-1.150723230520184,-0.6936583521232978,0.48175936523307106,0,1,Moderate,-1.7305980342063738,-0.9839122283269446,-0.1081610433005435,1.5858171328893145,1
UKL10074,Chamoli,Pauri Garhwal,High-Hill,Mid-Hill,0.8722984489122478,Standard,0.3819298929355018,-0.9285399990649057,0.49666653133281036,-0.9724396823155275,0,1,Moderate,2.0626876256079796,0.7474310986120957,0.9184978910078869,0.39394861675358317,1
UKL10075,Tehri Garhwal,Bageshwar,Mid-Hill,Mid-Hill,0.17442392128298337,Same Day,-0.004638824610552831,-0.044341424906145815,-0.3184975911896606,-0.16144405964419362,0,0,Poor,1.3543029541968663,-2.6134118301519234,-2.1951398605832555,1.3340655630718692,1
UKL10076,Champawat,Almora,Mid-Hill,Mid-Hill,-0.0053905461423841994,Standard,1.155067328027611,0.2775975431208896,1.6406752714637782,0.0902442370469102,0,1,Moderate,1.1486428883033153,0.7474310986120957,0.6576255388475476,0.33471774579653385,1
UKL10077,Pithoragarh,Chamoli,High-Hill,High-Hill,1.4836676381584972,Standard,-0.004638824610552831,0.1642387515620742,0.5429826746579508,0.5097247315320826,0,0,Moderate,-0.45093540197984494,0.7474310986120957,1.4318273581621017,0.8953741948899805,1
UKL10078,Bageshwar,Champawat,Mid-Hill,Mid-Hill,-0.15701788083620788,Second Class,-0.3912075421566074,1.5245442502678586,-0.6936583521232978,1.0131013249142895,1,0,Moderate,0.6687694012183671,0.03452502281366723,0.32101605218904616,0.06320897349341462,1
UKL10079,Haridwar,Rudraprayag,Plain/Lower Hill,High-Hill,0.5875112113142331,Standard,0.7684986104815564,-0.9784178673507845,1.4646739268282447,0.8173437608212094,0,0,Moderate,-0.10816862549059639,0.7474310986120957,0.40516842385367136,0.27988641683629395,1
UKL10080,Champawat,Tehri Garhwal,Mid-Hill,Mid-Hill,0.34549065786063,Second Class,0.7684986104815564,-0.8061125041813852,-1.0502926557268786,-0.8046474845214583,0,1,Poor,0.006086966672486133,0.03452502281366723,0.34626176368843326,0.8642107724125788,1
UKL10081,Tehri Garhwal,Bageshwar,Mid-Hill,Mid-Hill,-0.4874877128612077,Second Class,0.3819298929355018,0.22771967483501107,0.10297931306911705,1.4325818193994626,0,0,Moderate,0.07464032197033646,0.03452502281366723,-0.5289229016236708,-0.00942420595391606,1
UKL10082,Bageshwar,Tehri Garhwal,Mid-Hill,Mid-Hill,-0.5166468156869429,Standard,0.3819298929355018,0.8806663142137872,-0.34165566285223076,-0.6088899204283779,0,0,Good,-0.33667980981676143,0.7474310986120957,0.5398122185170722,-0.4288064731498065,1
UKL10083,Tehri Garhwal,Nainital,Mid-Hill,Mid-Hill,-0.4981793838973106,Standard,2.314773480665775,1.1753991722667072,-0.05449557423636054,1.3207203542034165,0,0,Good,-0.4052331651146117,0.7474310986120957,-0.30171149812918246,-0.28415116175470106,1
UKL10084,Chamoli,Pauri Garhwal,High-Hill,Mid-Hill,2.2729073546417324,First Class,0.3819298929355018,2.1502847796725195,0.8023530772787367,-0.30127089113925126,0,0,Moderate,-1.4106823761497413,-0.9839122283269446,-0.4363552927925833,2.556323508185564,1
UKL10085,Pithoragarh,Haridwar,High-Hill,Plain/Lower Hill,0.6973438319578361,Standard,-1.9374824123408259,0.9849564024478978,-0.7538693384459801,0.7054822956251633,0,0,Good,-2.233322639723938,0.7474310986120957,0.8932521795084991,-0.14523969685543084,1
UKL10086,Tehri Garhwal,Pithoragarh,Mid-Hill,High-Hill,0.5797354505607036,Standard,1.92820476311972,-0.6383414926743384,-0.5732363794779327,0.3419325337380134,0,1,Moderate,0.9429828224097664,0.7474310986120957,1.1541245316688384,0.5242646801590862,1
UKL10087,Chamoli,Almora,High-Hill,Mid-Hill,0.18122771194232148,Standard,-1.1643449772487167,-2.0847996729648224,-0.031337502573790345,-0.6088899204283779,0,1,Good,0.07464032197033646,0.7474310986120957,0.396753186687209,-0.5331733860741257,1
UKL10088,Chamoli,Nainital,High-Hill,Mid-Hill,1.0103182022873947,Standard,0.7684986104815564,0.2594601364714795,0.8718272922664473,1.3207203542034165,1,0,Moderate,-0.9765111259300263,0.7474310986120957,1.4907340183273399,0.6199139820897274,1
UKL10089,Bageshwar,Rudraprayag,Mid-Hill,High-Hill,1.2989933202621737,Standard,1.5416360455736655,1.1617961172796494,0.23266451437951002,-0.4131323563352971,0,0,Moderate,-1.8677047448020734,0.7474310986120957,0.7586083848450983,1.1589393496988598,1
UKL10090,Bageshwar,Pithoragarh,Mid-Hill,High-Hill,-0.4252816268329721,Standard,-0.004638824610552831,-0.2665246563614242,-0.1054433318940147,1.6283393834925428,0,1,Moderate,-0.4052331651146117,0.7474310986120957,1.5075644926602654,-0.5312995070754849,1
UKL10091,Bageshwar,Pithoragarh,Mid-Hill,High-Hill,0.4543513084100421,Standard,-0.3912075421566074,1.7104526684243162,-0.8372383964312328,-0.077547960747159,0,1,Good,0.3717048615943518,0.7474310986120957,0.2452789176908834,0.06276087199373996,1
UKL10092,Haridwar,Pauri Garhwal,Plain/Lower Hill,Mid-Hill,-0.682853701793634,First Class,-0.3912075421566074,0.028208201691495762,-1.6292444472911334,-1.3359894442026772,0,0,Good,0.6002160459205189,-0.9839122283269446,-1.589242784597952,-0.19143488782193357,1
UKL10093,Almora,Haridwar,Mid-Hill,Plain/Lower Hill,-1.0560902179630456,Standard,-0.004638824610552831,0.35468152138088416,-0.7909222531060923,0.48175936523307106,0,0,Poor,0.04036364432141231,0.7474310986120957,1.4823187811608776,-0.8829777113204695,1
UKL10094,Uttarkashi,Pithoragarh,High-Hill,High-Hill,1.4302092829779827,Standard,1.5416360455736655,0.4816433679267572,1.501726841488357,0.45379399893405953,1,0,Moderate,-1.6163424420432904,0.7474310986120957,1.2887683263322385,1.3260812090776588,1
UKL10095,Nainital,Pithoragarh,Mid-Hill,High-Hill,-0.21242017620510478,Second Class,-1.1643449772487167,1.1890022272537655,-0.6658686661282135,0.5936208304291172,0,0,Moderate,1.2628984804663999,0.03452502281366723,0.06855893719516994,-0.43288012314685254,1
UKL10096,Nainital,Rudraprayag,Mid-Hill,High-Hill,0.4621270691635711,Second Class,0.3819298929355018,-0.02166966659438274,0.6911943332984002,1.236824255306382,0,0,Poor,-0.7937021784690935,0.03452502281366723,0.38833794952074663,0.7778901289751728,1
UKL10097,Almora,Nainital,Mid-Hill,Mid-Hill,-1.8637973662359129,Standard,-0.004638824610552831,-1.9805095847307124,-1.0873455703869912,-0.46906308893332016,0,0,Moderate,-0.245275336086295,0.7474310986120957,0.6912864875133978,-1.8522619916176055,1
UKL10098,Dehradun,Rudraprayag,Plain/Lower Hill,High-Hill,-0.1589618210245901,Standard,-0.7777762597026621,-0.5068452944661126,0.7977214629462229,1.6842701160905658,0,0,Moderate,0.4402582168922021,0.7474310986120957,1.1625397688353007,-0.22084664080060615,1
UKL10099,Rudraprayag,Bageshwar,High-Hill,Mid-Hill,0.6011187926329093,First Class,-1.5509136947947713,0.08262042163972727,1.487831998490815,1.041066691213301,0,0,Moderate,-0.33667980981676143,-0.9839122283269446,-0.8066257281169349,0.5959609201070962,1
UKL10100,Bageshwar,Pauri Garhwal,Mid-Hill,Mid-Hill,0.35715429899092455,Same Day,-0.7777762597026621,0.9577502924737817,0.5290878316604087,0.17414033594394418,0,0,Good,0.9429828224097664,-2.6134118301519234,-1.8080389509259782,1.3430683295653412,1
UKL10101,Uttarkashi,Pithoragarh,High-Hill,High-Hill,0.16762013062364522,Standard,-1.5509136947947713,-0.3844177995825919,1.3674100258454496,0.0902442370469102,0,1,Moderate,-1.2735756655540418,0.7474310986120957,0.49773603268475963,-0.4816417136114934,1
UKL10102,Udham Singh Nagar,Champawat,Plain/Lower Hill,Mid-Hill,-0.12299892753951672,Standard,1.155067328027611,-0.8151812075060904,0.052031555411462885,0.7893783945221979,0,0,Good,-1.1593200733909592,0.7474310986120957,0.8090998078438739,-0.14923187385253606,1
UKL10103,Rudraprayag,Dehradun,High-Hill,Plain/Lower Hill,-0.7499196382928253,Second Class,0.3819298929355018,-1.1869980438190049,0.5429826746579508,0.5656554641301057,1,1,Moderate,1.1486428883033153,0.03452502281366723,0.6576255388475476,-0.43141360914791593,1
UKL10104,Bageshwar,Haridwar,Mid-Hill,Plain/Lower Hill,-1.6577397062673833,First Class,-0.004638824610552831,-2.4928913225765577,0.30677034369973505,-0.04958259444814747,0,1,Moderate,0.7601738749488336,-0.9839122283269446,-0.9244390484474111,-0.8055783613765948,1
UKL10105,Champawat,Haridwar,Mid-Hill,Plain/Lower Hill,0.10930192497217468,Standard,0.3819298929355018,-1.4590591435601616,-0.73071126678341,-1.056335781212562,1,0,Moderate,0.2803003878638854,0.7474310986120957,0.48090555835183413,-0.21119209030760652,1
UKL10106,Uttarkashi,Chamoli,High-Hill,High-Hill,1.3369001539356296,First Class,0.3819298929355018,0.418162444653821,-0.11007494622652848,0.9012398597182435,1,0,Moderate,-0.42808428354722783,-0.9839122283269446,-0.5120924272907461,1.5413328749215724,1
UKL10107,Uttarkashi,Nainital,High-Hill,Mid-Hill,1.5779487372950411,Standard,-0.004638824610552831,-0.7607689875578592,0.422560702012586,1.1529281564093472,0,0,Moderate,1.5371119016577972,0.7474310986120957,1.5412254413261155,1.097834599743169,1
UKL10108,Haridwar,Rudraprayag,Plain/Lower Hill,High-Hill,-0.3737672118408402,Second Class,-0.3912075421566074,0.46350596127734717,0.8208795346087931,0.9012398597182435,0,0,Moderate,2.0626876256079796,0.03452502281366723,-0.1081610433005435,-0.28960985275074286,1
UKL10109,Chamoli,Nainital,High-Hill,Mid-Hill,1.1007114210471742,Standard,0.7684986104815564,-1.350234703663699,-0.23512853320440766,1.404616453100451,0,1,Moderate,-0.5194887572776943,0.7474310986120957,1.440242595328565,0.7322245125082866,1
UKL10110,Almora,Chamoli,Mid-Hill,High-Hill,1.0550288266201884,Standard,-0.7777762597026621,-0.1713032714520189,-0.7816590244410645,-0.6648206530264009,0,0,Good,-0.45093540197984494,0.7474310986120957,0.44724460968598395,0.45574588720877196,1
UKL10111,Bageshwar,Tehri Garhwal,Mid-Hill,Mid-Hill,0.43102402614945357,First Class,0.7684986104815564,-1.4363873852483986,0.8579324492689053,-0.6648206530264009,0,0,Moderate,-0.35953092824937855,-0.9839122283269446,-0.20914388929809416,1.4507756354872388,1
UKL10112,Haridwar,Rudraprayag,Plain/Lower Hill,High-Hill,0.42422023549011545,Same Day,-1.1643449772487167,-0.39802085456964964,-0.5593415364803904,-2.4546040961631377,0,1,Good,0.34885374316173573,-2.6134118301519234,-3.2722902178904616,0.7068049365267192,1
UKL10113,Uttarkashi,Champawat,High-Hill,Mid-Hill,-0.25421489025532545,Standard,-0.3912075421566074,-2.2389676294848115,-1.0734507273894487,-0.6648206530264009,0,0,Good,-0.8622555337669429,0.7474310986120957,0.38833794952074663,-0.5135791295883345,1
UKL10114,Dehradun,Pithoragarh,Plain/Lower Hill,High-Hill,0.39603310275857156,Same Day,-0.004638824610552831,-0.4206926128814127,-0.37870857751234294,1.0969974238113243,0,0,Good,-0.1995730992210628,-2.6134118301519234,-2.481257924242982,1.266605919120787,1
UKL10115,Uttarkashi,Haridwar,High-Hill,Plain/Lower Hill,-0.12980271819885483,Standard,0.3819298929355018,0.5768647528361626,0.8579324492689053,1.7961315812866119,1,1,Moderate,0.2117470325660371,0.7474310986120957,1.5328102041596525,-0.07138442240898654,1
UKL10116,Haridwar,Nainital,Plain/Lower Hill,Mid-Hill,-1.6363563641951775,First Class,-0.3912075421566074,1.0166968640843657,-2.5370408564638853,0.3419325337380134,0,0,Moderate,1.1257917698706992,-0.9839122283269446,-1.143235214775437,-1.2936423675226816,1
UKL10117,Uttarkashi,Rudraprayag,High-Hill,High-Hill,-0.12883074810466344,Standard,-0.3912075421566074,-0.5929979760508123,-1.4161901879954877,1.404616453100451,0,0,Moderate,-0.45093540197984494,0.7474310986120957,1.0699721600042125,-0.196119585318536,1
UKL10118,Champawat,Chamoli,Mid-Hill,High-Hill,0.12971329695018904,First Class,-0.3912075421566074,-1.6041583967554456,0.5337194459929225,0.006348138149875597,1,0,Moderate,0.7144716380836014,-0.9839122283269446,-0.8823628626150984,0.3572450302801984,1
UKL10119,Champawat,Almora,Mid-Hill,Mid-Hill,-0.49720741380311945,First Class,0.3819298929355018,0.9078724241879033,0.6587730329708017,1.1249627901103356,0,0,Moderate,1.1257917698706992,-0.9839122283269446,-0.7056428821193851,0.2160115848826117,1
UKL10120,Pithoragarh,Dehradun,High-Hill,Plain/Lower Hill,0.9869909200268061,Standard,0.7684986104815564,-0.5884636243884596,-0.38334019184485707,0.425828632635048,0,0,Good,0.12034255883557068,0.7474310986120957,0.32101605218904616,0.3130051913122787,1
UKL10121,Nainital,Dehradun,Mid-Hill,Plain/Lower Hill,-0.3582156903337812,First Class,1.92820476311972,0.3773532796926472,0.7050891762959421,0.2021057022429557,0,0,Moderate,-0.33667980981676143,-0.9839122283269446,-1.3536161439370007,0.44833184421414846,1
UKL10122,Bageshwar,Pithoragarh,Mid-Hill,High-Hill,-0.3455800791092958,Standard,0.3819298929355018,-0.18490632643907726,-0.3370240485197167,-0.4131323563352971,0,0,Moderate,-0.6565954678733938,0.7474310986120957,0.5734731671829224,-0.47145758861887826,1
UKL10123,Dehradun,Pithoragarh,Plain/Lower Hill,High-Hill,-0.7839385915895164,Standard,0.7684986104815564,-0.7562346358955064,0.6958259476309139,0.45379399893405953,0,0,Moderate,0.7830249933814517,0.7474310986120957,0.12746559736040725,-0.7992234673812031,1
UKL10124,Haridwar,Uttarkashi,Plain/Lower Hill,High-Hill,0.6438854767773214,Standard,-1.9374824123408259,0.15517004823736885,0.4179290876800716,-0.16144405964419362,0,1,Poor,0.2117470325660371,0.7474310986120957,1.0194807370054375,0.3909748522557395,1
UKL10125,Bageshwar,Almora,Mid-Hill,Mid-Hill,1.6809775672793061,Standard,1.5416360455736655,0.8988037208631979,-0.19807561854429548,1.0131013249142895,0,0,Moderate,-0.13101974392321247,0.7474310986120957,0.5903036415158471,1.2591104031262226,1
UKL10126,Champawat,Pauri Garhwal,Mid-Hill,Mid-Hill,-1.0434546067385602,Second Class,1.5416360455736655,0.5405899395373411,-1.198504314367328,0.929205226017255,0,0,Moderate,0.8744294671119182,0.03452502281366723,-0.1586524662993192,-0.45895148312794715,1
UKL10127,Rudraprayag,Haridwar,High-Hill,Plain/Lower Hill,0.07333903148710072,Second Class,2.314773480665775,-0.2121124364131927,-0.6334473658006151,0.2021057022429557,0,1,Moderate,-0.1995730992210628,0.03452502281366723,-0.16706770346578156,0.9784359183297497,1
UKL10128,Rudraprayag,Tehri Garhwal,High-Hill,Mid-Hill,2.264159623794011,Second Class,-0.3912075421566074,0.9622846441361348,-0.0730220315664163,0.11820960334592173,0,1,Good,2.0626876256079796,0.03452502281366723,0.6155493530152351,1.6659050918312401,1
UKL10129,Uttarkashi,Bageshwar,High-Hill,Mid-Hill,-0.45346875956451654,Standard,1.5416360455736655,-0.3436086346214188,0.7050891762959421,0.006348138149875597,0,1,Moderate,-1.570640205178057,0.7474310986120957,1.2046159546676134,-0.3589841122004369,1
UKL10130,Champawat,Uttarkashi,Mid-Hill,High-Hill,1.3116289314866592,Standard,-1.5509136947947713,-1.381975165300167,-0.6751318947932414,1.1808935227083588,0,0,Moderate,0.2345981509986532,0.7474310986120957,0.5398122185170722,0.5750630956222504,1
UKL10131,Pauri Garhwal,Dehradun,Mid-Hill,Plain/Lower Hill,-0.7470037280102516,Standard,1.155067328027611,0.3954906863420579,-0.7677641814435222,-0.10551332704617054,0,0,Good,0.3031515062965035,0.7474310986120957,-0.03242390880238071,-1.1007143036625808,1
UKL10132,Nainital,Haridwar,Mid-Hill,Plain/Lower Hill,-0.44666496890517843,First Class,1.5416360455736655,0.9350785341620187,-0.16565431821669707,0.0902442370469102,0,0,Poor,0.7144716380836014,-0.9839122283269446,-0.9244390484474111,0.6365344740776749,1
UKL10133,Pauri Garhwal,Almora,Mid-Hill,Mid-Hill,1.1920766099011444,Second Class,-0.004638824610552831,0.5043151262385203,-1.5180857033107966,0.985135958615278,0,1,Good,0.02893808510510426,0.03452502281366723,0.6912864875133978,0.8893451928943532,1
UKL10134,Uttarkashi,Bageshwar,High-Hill,Mid-Hill,-0.8733598402551045,Standard,-1.9374824123408259,-0.4206926128814127,-1.0410294270618508,1.0131013249142895,0,0,Good,-0.2909775729515282,0.7474310986120957,-0.007178197302993612,-1.3371082129911627,1
UKL10135,Bageshwar,Rudraprayag,Mid-Hill,High-Hill,1.172637208017321,Standard,-0.3912075421566074,-0.47057048116729183,-1.4208218023280017,-0.7766821182224467,0,0,Good,0.07464032197033646,0.7474310986120957,-0.29329626096272005,0.3448203977892081,1
UKL10136,Dehradun,Uttarkashi,Plain/Lower Hill,High-Hill,0.3532664186141595,Standard,1.5416360455736655,0.12342958660090106,-0.5454466934828485,-0.18940942594320515,0,0,Moderate,0.16604479570080288,0.7474310986120957,0.36309223802135876,0.11657378845471836,1
UKL10137,Rudraprayag,Tehri Garhwal,High-Hill,Mid-Hill,0.9908788004035711,Standard,-1.9374824123408259,-0.43429566786847107,-1.0456610413943646,0.48175936523307106,0,0,Good,-0.1767219807884467,0.7474310986120957,0.3715074751878211,-0.05574160642033007,1
UKL10138,Uttarkashi,Pauri Garhwal,High-Hill,Mid-Hill,-0.32030885666032555,Second Class,0.7684986104815564,1.7830022950219577,2.5947878239616697,-0.944474316016516,0,0,Moderate,-0.5651909941429275,0.03452502281366723,-0.343787683961495,-0.2489548257802233,1
UKL10139,Almora,Uttarkashi,Mid-Hill,High-Hill,0.4757346504822479,Standard,1.155067328027611,0.9350785341620187,0.21876967138196804,-0.8605782171194813,0,0,Good,-0.7022977047386271,0.7474310986120957,0.5229817441841474,0.31887124730802435,1
UKL10140,Uttarkashi,Almora,High-Hill,Mid-Hill,0.23760197740540978,Second Class,0.7684986104815564,1.2071396339031755,0.18634837105436963,0.7334476619241749,0,0,Moderate,-0.2681264545189121,0.03452502281366723,0.10221988586102015,0.3897527572566259,1
UKL10141,Pauri Garhwal,Haridwar,Mid-Hill,Plain/Lower Hill,0.25412546900665967,Second Class,1.5416360455736655,-0.1395628098155511,0.04739994107894845,1.041066691213301,0,0,Good,0.46310933532481824,0.03452502281366723,0.45565984685244704,0.5388483471485107,1
UKL10142,Tehri Garhwal,Pauri Garhwal,Mid-Hill,Mid-Hill,0.9549159069184978,Standard,-1.1643449772487167,-0.7743720425449169,0.44108715934264175,-0.7487167519234352,0,1,Good,0.006086966672486133,0.7474310986120957,0.2284484433579579,0.04561080550617596,1
UKL10143,Dehradun,Rudraprayag,Plain/Lower Hill,High-Hill,0.8761863292890123,Same Day,1.155067328027611,0.7310327093561511,0.9181434355915876,0.006348138149875597,0,0,Poor,-1.3878312577171241,-2.6134118301519234,-1.2273875864400627,2.3871448238082422,1
UKL10144,Pauri Garhwal,Bageshwar,Mid-Hill,Mid-Hill,0.4067247737946742,Standard,-1.1643449772487167,-0.4478987228555288,1.3766732545104778,1.0969974238113243,0,0,Good,-1.0679155996604928,0.7474310986120957,0.32101605218904616,-0.13855891086027586,1
UKL10145,Nainital,Dehradun,Mid-Hill,Plain/Lower Hill,-1.6791230483395894,Standard,0.3819298929355018,-0.4615017778425865,-1.434716645325544,1.740200848688589,0,0,Poor,0.04036364432141231,0.7474310986120957,0.3799227123542835,-1.4764270428901376,1
UKL10146,Dehradun,Tehri Garhwal,Plain/Lower Hill,Mid-Hill,0.3678459700270272,Standard,-0.7777762597026621,-1.6495019133789717,1.0941447802271216,0.06227887074789867,0,0,Good,-0.7479999416038603,0.7474310986120957,0.5987188786823103,-0.39291761667583064,1
UKL10147,Champawat,Rudraprayag,Mid-Hill,High-Hill,0.6302778954586447,Second Class,-0.004638824610552831,0.3909563346797049,-1.1429249423771595,-0.18940942594320515,0,1,Good,0.006086966672486133,0.03452502281366723,0.22003320619149552,0.12989462394505885,1
UKL10148,Almora,Dehradun,Mid-Hill,Plain/Lower Hill,0.6438854767773214,First Class,0.3819298929355018,-1.4590591435601616,-2.3239865971682394,-0.27330552484023973,0,1,Good,0.04036364432141231,-0.9839122283269446,-0.5120924272907461,-0.05574160642033007,1
UKL10149,Rudraprayag,Dehradun,High-Hill,Plain/Lower Hill,1.349535765160115,Same Day,-0.004638824610552831,0.3818876313549996,0.6495098043057735,-1.056335781212562,0,0,Moderate,2.0626876256079796,-2.6134118301519234,-1.9342675084229164,2.2142183814336374,1
UKL10150,Dehradun,Uttarkashi,Plain/Lower Hill,High-Hill,-1.2154933134103982,Standard,-0.3912075421566074,1.7739335916972525,-2.5370408564638853,1.9359584127816696,0,0,Good,0.09749144040295256,0.7474310986120957,-0.33537244679503264,-1.3916136499516387,1
UKL10151,Udham Singh Nagar,Champawat,Plain/Lower Hill,Mid-Hill,-0.19200880422708988,Standard,-1.5509136947947713,-0.03527272158144046,0.8440376062713633,0.0902442370469102,0,0,Poor,-1.4792357314475906,0.7474310986120957,0.7838540963444861,-0.591671000031707,1
UKL10152,Udham Singh Nagar,Champawat,Plain/Lower Hill,Mid-Hill,0.3765937008747481,Standard,-0.7777762597026621,-1.4499904402354564,1.2377248245350567,-0.16144405964419362,0,0,Good,-1.1821711918235753,0.7474310986120957,-0.09974580613408114,-0.14149193885814912,1
UKL10153,Chamoli,Nainital,High-Hill,Mid-Hill,1.2435910248932769,Standard,1.155067328027611,-0.914936944077848,0.5615091319880072,0.3419325337380134,0,0,Moderate,-0.7708510600364774,0.7474310986120957,1.246692140499926,1.1352714432160225,1
UKL10154,Champawat,Nainital,Mid-Hill,Mid-Hill,0.21621863533320404,First Class,-0.004638824610552831,-1.4182499785989882,-0.5269202361527924,-0.077547960747159,1,1,Good,0.006086966672486133,-0.9839122283269446,-0.3606181582944205,0.27332784034105023,1
UKL10155,Tehri Garhwal,Nainital,Mid-Hill,Mid-Hill,-0.1958966846038549,First Class,-0.004638824610552831,-0.2755933596861295,0.348454872692361,-0.6368552867273893,0,0,Good,0.04036364432141231,-0.9839122283269446,-0.8318714396163228,0.2525522253561148,1
UKL10156,Pithoragarh,Bageshwar,High-Hill,Mid-Hill,1.1220947631193798,Same Day,-0.7777762597026621,-1.2595476704166468,0.06129478407649044,1.3207203542034165,0,1,Good,-2.279024876589171,-2.6134118301519234,-1.9426827455893791,1.8545150866944717,1
UKL10157,Champawat,Bageshwar,Mid-Hill,Mid-Hill,-0.06954057235900203,Standard,-0.004638824610552831,-0.810646855843738,-0.22123369020686567,0.48175936523307106,1,1,Good,-0.6565954678733938,0.7474310986120957,1.1288788201694506,-0.20744433231032386,1
UKL10158,Rudraprayag,Udham Singh Nagar,High-Hill,Plain/Lower Hill,-1.7102260913537068,Second Class,-0.004638824610552831,0.8081166876161456,-1.578296689633479,0.7334476619241749,0,0,Moderate,-0.88510665219956,0.03452502281366723,-0.35220292112795737,-1.3219134985021808,1
UKL10159,Champawat,Haridwar,Mid-Hill,Plain/Lower Hill,-1.2864471302863543,Standard,0.3819298929355018,0.44536855462793645,-0.34165566285223076,0.06227887074789867,0,1,Good,0.6687694012183671,0.7474310986120957,0.8764217051755744,-1.2866356895277622,1
UKL10160,Chamoli,Bageshwar,High-Hill,Mid-Hill,0.6652688188495273,First Class,1.155067328027611,0.7899792809667349,0.0057154120863224965,-0.5249938215313432,0,0,Moderate,-0.6565954678733938,-0.9839122283269446,-1.4798447014339389,1.246441351635409,1
UKL10161,Almora,Uttarkashi,Mid-Hill,High-Hill,-1.798675369925104,Second Class,-0.004638824610552831,-0.1350284581531981,-0.08691687456395829,0.39786326633603647,0,1,Good,0.12034255883557068,0.03452502281366723,-0.3690333954608829,-1.5603034963293159,1
UKL10162,Pithoragarh,Uttarkashi,High-Hill,High-Hill,0.906317402208939,Same Day,2.314773480665775,-0.7199598225966857,-0.02670588824127591,0.6215861967281288,0,0,Poor,-1.9134069816673067,-2.6134118301519234,-2.422351264077744,-0.05574160642033007,1
UKL10163,Pauri Garhwal,Tehri Garhwal,Mid-Hill,Mid-Hill,1.571144946635703,Second Class,0.7684986104815564,-0.524982701115523,1.9046772884170786,-1.7554699386878498,0,0,Good,-0.3823820466819946,0.03452502281366723,-0.2848810237962577,1.5622714359063885,1
UKL10164,Udham Singh Nagar,Pithoragarh,Plain/Lower Hill,High-Hill,0.11221783525474777,Second Class,-1.1643449772487167,-0.0806162382049666,-1.0456610413943646,-0.7766821182224467,0,0,Good,1.308600717331632,0.03452502281366723,-0.20914388929809416,-0.13652208586175282,1
UKL10165,Rudraprayag,Nainital,High-Hill,Mid-Hill,1.5099108307016589,First Class,0.7684986104815564,-0.20304373308848733,-1.1197668707145891,0.14617496964493265,0,0,Good,0.8972805855445343,-0.9839122283269446,-1.8416998995918286,1.265057932121909,1
UKL10166,Pithoragarh,Haridwar,High-Hill,Plain/Lower Hill,-0.6216195858595899,Standard,2.7013421982118295,0.3864219830173526,1.6777281861238904,-0.8046474845214583,0,0,Good,2.0626876256079796,0.7474310986120957,-0.16706770346578156,-0.5764355490427547,1
UKL10167,Bageshwar,Uttarkashi,Mid-Hill,High-Hill,-0.36696342118150155,First Class,0.3819298929355018,0.8806663142137872,0.8347743776063351,-0.6368552867273893,1,0,Good,0.6002160459205189,-0.9839122283269446,-0.09974580613408114,-0.016390147448864942,1
UKL10168,Udham Singh Nagar,Bageshwar,Plain/Lower Hill,Mid-Hill,-0.39417858381885457,First Class,-0.004638824610552831,-0.15316586480260883,-0.16565431821669707,1.2647896216053933,0,0,Moderate,1.6742186122534979,-0.9839122283269446,-1.1600656891083623,0.2816788228349944,1
UKL10169,Tehri Garhwal,Almora,Mid-Hill,Mid-Hill,-0.5895445727512811,Same Day,-0.004638824610552831,0.6176739177973357,0.4040342446825296,-0.944474316016516,0,0,Good,-0.1767219807884467,-2.6134118301519234,-3.3059511665563117,0.7767902434759705,0
UKL10170,Pithoragarh,Almora,High-Hill,Mid-Hill,1.1969364603721004,Second Class,0.7684986104815564,0.33654411473147344,0.936669892921644,-0.46906308893332016,0,0,Good,-0.6337443494407778,0.03452502281366723,-0.5289229016236708,-0.05574160642033007,1
UKL10171,Udham Singh Nagar,Uttarkashi,Plain/Lower Hill,High-Hill,-0.6264794363305457,First Class,-0.3912075421566074,-1.1779293404942994,-1.1846094713697857,-0.720751385624424,0,0,Moderate,0.46310933532481824,-0.9839122283269446,-0.9412695227803358,-0.11688709287599024,1
UKL10172,Pauri Garhwal,Dehradun,Mid-Hill,Plain/Lower Hill,0.5894551515026154,Second Class,-1.5509136947947713,-0.8741277791166745,0.8162479202762793,-0.3292362574382628,0,1,Moderate,-0.245275336086295,0.03452502281366723,0.40516842385367136,0.20277222239221207,1
UKL10173,Udham Singh Nagar,Champawat,Plain/Lower Hill,Mid-Hill,0.3697899102154094,Second Class,0.3819298929355018,0.08262042163972727,0.654141418638288,-0.7766821182224467,0,0,Poor,1.1486428883033153,0.03452502281366723,0.10221988586102015,0.5724152231241701,1
UKL10174,Udham Singh Nagar,Tehri Garhwal,Plain/Lower Hill,Mid-Hill,0.6195862244225421,Standard,-0.004638824610552831,1.365841942085517,-0.6658686661282135,0.2021057022429557,0,0,Poor,0.6002160459205189,0.7474310986120957,1.1036331086700628,0.3066502973168862,1
UKL10175,Pithoragarh,Tehri Garhwal,High-Hill,Mid-Hill,1.0317015443596005,Same Day,-1.1643449772487167,-0.2574559530367188,-2.5370408564638853,1.2647896216053933,0,0,Moderate,-1.6848957973411407,-2.6134118301519234,-2.405520789744819,1.8387907977058744,1
UKL10176,Chamoli,Nainital,High-Hill,Mid-Hill,0.7673256787396007,Standard,1.92820476311972,-0.0806162382049666,1.0756183228970653,-0.3851669900362859,0,0,Good,-1.1821711918235753,0.7474310986120957,-0.46160100429197115,0.7693762004813469,1
UKL10177,Chamoli,Almora,High-Hill,Mid-Hill,0.6623529085669536,Standard,1.5416360455736655,1.238880095539644,-0.5176570074877641,1.0969974238113243,1,0,Moderate,0.07464032197033646,0.7474310986120957,1.0026502626725122,0.5690748301265927,1
UKL10178,Bageshwar,Chamoli,Mid-Hill,High-Hill,1.6284911821929822,Standard,-0.7777762597026621,2.7352161441160083,0.9783544219142707,0.23007106854196724,0,0,Good,-0.1995730992210628,0.7474310986120957,1.0952178715036005,0.4649115997021256,1
UKL10179,Haridwar,Chamoli,Plain/Lower Hill,High-Hill,-0.7994901130965751,Same Day,1.92820476311972,-0.6882193609602172,0.39477101601750136,0.11820960334592173,0,1,Poor,0.3031515062965035,-2.6134118301519234,-1.3031247209382255,1.060438492770287,1
UKL10180,Dehradun,Rudraprayag,Plain/Lower Hill,High-Hill,-0.5399740979475309,Standard,1.155067328027611,1.2706205571761124,0.12150577039917347,0.5656554641301057,0,1,Moderate,1.1486428883033153,0.7474310986120957,0.7670236220115606,-0.05574160642033007,1
UKL10181,Udham Singh Nagar,Nainital,Plain/Lower Hill,Mid-Hill,-0.7839385915895164,Second Class,0.3819298929355018,1.556284711904327,0.12613738473168726,-0.6088899204283779,0,1,Moderate,-1.2050223102561923,0.03452502281366723,-0.8234562024498604,-0.442656883139763,1
UKL10182,Dehradun,Udham Singh Nagar,Plain/Lower Hill,Plain/Lower Hill,-0.9102947038343693,Standard,0.7684986104815564,-0.32547122797200806,-1.5041908603132546,-0.8885435834184928,1,1,Good,0.7830249933814517,0.7474310986120957,0.9858197883395874,-0.9213107577926732,1
UKL10183,Champawat,Haridwar,Mid-Hill,Plain/Lower Hill,-0.13466256866981072,First Class,-0.7777762597026621,-0.5340514044402284,1.038565408236953,-2.4546040961631377,0,0,Moderate,0.3717048615943518,-0.9839122283269446,-1.6733951562625775,-0.2886321767514518,1
UKL10184,Chamoli,Pauri Garhwal,High-Hill,Mid-Hill,-0.2960096043055461,First Class,-0.3912075421566074,1.5154755469431533,0.16782191372431388,-2.035123601677965,0,1,Good,-0.9536600074974092,-0.9839122283269446,-0.865532388282173,-0.13310021986423357,1
UKL10185,Haridwar,Chamoli,Plain/Lower Hill,High-Hill,-0.11230725650341356,First Class,-0.004638824610552831,-0.2257154914002504,0.6587730329708017,-0.7766821182224467,0,1,Good,1.1486428883033153,-0.9839122283269446,-1.1684809262748246,0.520761341161627,1
UKL10186,Uttarkashi,Chamoli,High-Hill,High-Hill,1.234843294045556,Standard,1.155067328027611,-2.057593562990707,-0.397235034842399,-0.18940942594320515,1,0,Good,-1.2278734286888084,0.7474310986120957,1.7263606589882914,0.9850352313249647,1
UKL10187,Dehradun,Udham Singh Nagar,Plain/Lower Hill,Plain/Lower Hill,-2.5237650601917214,Second Class,-1.5509136947947713,0.8217197426032034,1.9324669744121625,-1.6995392060898267,0,0,Poor,0.623067164353135,0.03452502281366723,-0.8571171511157106,-2.4980169891493444,1
UKL10188,Uttarkashi,Chamoli,High-Hill,High-Hill,0.005301124893718405,Second Class,-0.7777762597026621,-1.0963110105719525,-0.5824996081429606,0.425828632635048,1,1,Good,-0.06246638862536216,0.03452502281366723,0.7754388591780237,-0.22251683729939442,1
UKL10189,Pauri Garhwal,Nainital,Mid-Hill,Mid-Hill,-0.3222527968487078,Same Day,1.5416360455736655,-0.21664678807554505,-1.661665747618732,-1.3080240779036656,0,0,Poor,1.0800895330054672,-2.6134118301519234,-2.531749347241757,1.4214046190085365,1
UKL10190,Rudraprayag,Nainital,High-Hill,Mid-Hill,0.7576059777976889,Second Class,0.3819298929355018,-0.3889521512449449,0.4040342446825296,1.8240969475856235,0,0,Good,0.8058761118140678,0.03452502281366723,-0.2007286521316318,0.7594364944885544,1
UKL10191,Udham Singh Nagar,Nainital,Plain/Lower Hill,Mid-Hill,0.07431100158129211,Standard,-0.3912075421566074,0.3818876313549996,0.8949853639290175,1.2647896216053933,0,0,Moderate,0.07464032197033646,0.7474310986120957,1.0531416856712879,-0.4110453591626857,1
UKL10192,Haridwar,Pauri Garhwal,Plain/Lower Hill,Mid-Hill,-0.3582156903337812,Standard,0.3819298929355018,0.7174296543690933,0.08445285573906064,0.45379399893405953,0,1,Good,1.102940651438083,0.7474310986120957,0.5398122185170722,-0.5394060705696065,1
UKL10193,Chamoli,Udham Singh Nagar,High-Hill,Plain/Lower Hill,-1.411831272437016,First Class,0.3819298929355018,1.1527274139549442,-1.3606108160053194,0.39786326633603647,1,0,Good,-0.6565954678733938,-0.9839122283269446,-1.25263329793945,-0.6092284315189757,1
UKL10194,Champawat,Bageshwar,Mid-Hill,Mid-Hill,-0.26101868091466357,Standard,1.155067328027611,0.06448301499031656,-1.0086081267342524,0.36989790003702494,0,1,Good,0.7830249933814517,0.7474310986120957,0.396753186687209,-0.5799796245401848,1
UKL10195,Nainital,Champawat,Mid-Hill,Mid-Hill,-1.2057736124684866,Second Class,0.3819298929355018,-0.42976131620611807,1.0570918655670087,1.0131013249142895,0,0,Good,0.34885374316173573,0.03452502281366723,-0.8991933369480232,-1.1910271240970915,1
UKL10196,Rudraprayag,Uttarkashi,High-Hill,High-Hill,0.5350248262279093,Same Day,0.3819298929355018,-2.46115086094009,-0.7492377241134661,1.5164779182964971,0,0,Good,-0.06246638862536216,-2.6134118301519234,-1.5303361244327143,1.8113751332257546,1
UKL10197,Pauri Garhwal,Chamoli,Mid-Hill,High-Hill,-0.9725007898626042,Second Class,1.92820476311972,0.08715477330207963,-0.3092343625246324,0.23007106854196724,0,1,Good,-0.35953092824937855,0.03452502281366723,-0.6467362219541469,-0.43996827414171225,1
UKL10198,Nainital,Champawat,Mid-Hill,Mid-Hill,0.8927098208902622,Standard,1.155067328027611,-0.32093687630965567,-1.1243984850471034,-0.4970284552323317,0,0,Moderate,0.04036364432141231,0.7474310986120957,0.2284484433579579,0.5989346846049399,1
UKL10199,Almora,Chamoli,Mid-Hill,High-Hill,0.5476604374523947,First Class,-0.7777762597026621,0.028208201691495762,-0.8279751677662048,0.2021057022429557,1,0,Good,0.16604479570080288,-0.9839122283269446,-0.6046600361218344,0.8742726879052826,1
UKL10200,Pithoragarh,Bageshwar,High-Hill,Mid-Hill,-0.39612252400723685,Second Class,-1.1643449772487167,-0.46603612950493883,-0.8048170961036347,0.36989790003702494,1,0,Moderate,0.5088115721900525,0.03452502281366723,0.48932079551829727,-0.46347323462466833,1
UKL10201,Pithoragarh,Champawat,High-Hill,Mid-Hill,1.621687391533644,First Class,0.3819298929355018,-1.3638377586507568,1.0524602512344952,-1.1402318801095963,0,0,Poor,0.2574492694312693,-0.9839122283269446,-0.3185419724621072,1.8248996512159472,1
UKL10202,Tehri Garhwal,Bageshwar,Mid-Hill,Mid-Hill,0.952971966730115,Standard,1.5416360455736655,0.12796393826325342,-0.9345022974140277,0.03431350444888713,0,0,Good,-1.1593200733909592,0.7474310986120957,0.21161796902503316,-0.05574160642033007,1
UKL10203,Pithoragarh,Uttarkashi,High-Hill,High-Hill,1.7509594140610707,Standard,1.5416360455736655,-1.0645705489354842,-0.15639108955166886,1.4325818193994626,0,0,Good,0.02893808510510426,0.7474310986120957,0.8259302821767986,1.3904448790309871,1
UKL10204,Uttarkashi,Champawat,High-Hill,Mid-Hill,-0.738255997162531,Second Class,-0.004638824610552831,0.6675517860832149,0.16319029939179944,1.292754987904405,0,0,Good,-2.3475782318870215,0.03452502281366723,-0.234389600797482,-0.7504211404165915,1
UKL10205,Bageshwar,Chamoli,Mid-Hill,High-Hill,-1.2349327152942218,Standard,0.3819298929355018,0.4544372579526418,0.6309833469757178,-0.3572016237372743,0,0,Good,-2.2561737581565553,0.7474310986120957,0.018067514196394237,-1.535576440847246,1
UKL10206,Nainital,Uttarkashi,Mid-Hill,High-Hill,-1.384616109799663,Second Class,-0.004638824610552831,1.37037629374787,2.673525267614408,-0.18940942594320515,0,1,Moderate,0.7830249933814517,0.03452502281366723,0.48090555835183413,-1.291116704524513,1
UKL10207,Bageshwar,Pithoragarh,Mid-Hill,High-Hill,0.36395808965026266,Standard,1.155067328027611,-0.39802085456964964,0.14003222772922924,0.23007106854196724,0,0,Good,-0.15387086235582859,0.7474310986120957,0.18637225752564532,0.41672032023707023,1
UKL10208,Chamoli,Nainital,High-Hill,Mid-Hill,-0.6255074662363546,Standard,1.155067328027611,-0.9104025924154953,-1.7867193345966108,1.9359584127816696,0,1,Good,0.5088115721900525,0.7474310986120957,1.4234121209956394,-0.591671000031707,1
UKL10209,Pithoragarh,Pauri Garhwal,High-Hill,Mid-Hill,0.31341564475232164,Standard,0.7684986104815564,-0.7063567676096276,0.9227750499241021,0.7334476619241749,0,1,Good,-0.10816862549059639,0.7474310986120957,0.9100826538414246,-0.11252828737915122,1
UKL10210,Udham Singh Nagar,Nainital,Plain/Lower Hill,Mid-Hill,-0.42819753711554576,Standard,-0.7777762597026621,-0.8741277791166745,0.7560369339535963,-0.10551332704617054,0,0,Moderate,-0.03961527019274606,0.7474310986120957,0.5145665070176844,-0.41051578466306976,1
UKL10211,Haridwar,Bageshwar,Plain/Lower Hill,Mid-Hill,-0.06662466207642839,Second Class,-0.7777762597026621,0.2186509715103057,-0.9437655260790558,0.03431350444888713,0,1,Good,-0.2681264545189121,0.03452502281366723,-0.343787683961495,-0.14426202085613976,1
UKL10212,Champawat,Uttarkashi,Mid-Hill,High-Hill,0.713867323559086,Standard,1.5416360455736655,1.470132030319627,0.39477101601750136,0.006348138149875597,0,1,Moderate,1.1257917698706992,0.7474310986120957,1.196200717501151,0.7068049365267192,1
UKL10213,Udham Singh Nagar,Nainital,Plain/Lower Hill,Mid-Hill,-1.0726137095642956,Standard,-0.004638824610552831,-0.28466206301083424,0.20024321405191162,-0.8605782171194813,0,1,Moderate,0.6916205196509853,0.7474310986120957,0.8932521795084991,-1.0850714876739238,1
UKL10214,Pithoragarh,Almora,High-Hill,Mid-Hill,1.184300849147615,Second Class,1.5416360455736655,-0.7517002842331537,-1.3745056590028613,-0.44109772263430863,0,0,Good,1.0572384145728488,0.03452502281366723,-0.08291533180115641,1.0533096052754565,1
UKL10215,Pithoragarh,Tehri Garhwal,High-Hill,Mid-Hill,0.9160371031508507,Standard,-0.3912075421566074,-0.18944067810142962,-0.17491754688172528,-1.224127979006631,0,1,Moderate,-0.1767219807884467,0.7474310986120957,0.6155493530152351,0.2052978853903811,1
UKL10216,Almora,Dehradun,Mid-Hill,Plain/Lower Hill,1.2397031445165119,Standard,-1.1643449772487167,-1.359303406988404,-0.18881238987926727,0.0902442370469102,0,0,Good,1.034387296140233,0.7474310986120957,0.3041855778561207,0.3178528348087628,1
UKL10217,Nainital,Tehri Garhwal,Mid-Hill,Mid-Hill,-0.2989255145881192,Standard,0.3819298929355018,0.7945136326290879,-0.04523234557133233,-0.5529591878303548,1,1,Moderate,0.645918282785751,0.7474310986120957,0.6155493530152351,-0.6447099229932469,1
UKL10218,Haridwar,Champawat,Plain/Lower Hill,Mid-Hill,-0.7197885653728986,Second Class,-1.1643449772487167,0.6947578960573303,0.8533008349363915,0.006348138149875597,0,0,Moderate,-0.6565954678733938,0.03452502281366723,-0.46160100429197115,-0.842037528850157,1
UKL10219,Pauri Garhwal,Tehri Garhwal,Mid-Hill,Mid-Hill,0.1763678614713656,Standard,-0.004638824610552831,0.041811256678553475,0.246559357377052,-0.46906308893332016,0,0,Poor,0.9201317039771504,0.7474310986120957,0.3546770008548964,0.04381839950747548,1
UKL10220,Bageshwar,Almora,Mid-Hill,Mid-Hill,2.8065189363526892,Standard,-0.3912075421566074,0.4544372579526418,1.5850958994736095,-0.8885435834184928,0,0,Good,0.09749144040295256,0.7474310986120957,0.6828712503469354,-0.10173311488697975,1
UKL10221,Udham Singh Nagar,Nainital,Plain/Lower Hill,Mid-Hill,0.6127824337632034,Standard,-0.004638824610552831,-0.7108911192719803,-0.9900816694041962,1.2647896216053933,1,1,Moderate,-0.03961527019274606,0.7474310986120957,1.7011149474889036,0.39785932075074754,1
UKL10222,Almora,Nainital,Mid-Hill,Mid-Hill,0.8897939106076885,First Class,-0.3912075421566074,-1.5588148801319193,-0.0961801032289865,-1.112266513810585,0,0,Good,-0.45093540197984494,-0.9839122283269446,-0.9412695227803358,0.8938669443910738,1
UKL10223,Bageshwar,Rudraprayag,Mid-Hill,High-Hill,1.4127138212825414,Standard,-1.5509136947947713,0.6131395661349833,0.4040342446825296,1.4605471856984742,0,1,Good,0.34885374316173573,0.7474310986120957,1.7936825563199918,0.14570038593359702,1
UKL10224,Bageshwar,Udham Singh Nagar,Mid-Hill,Plain/Lower Hill,-0.9861083711812808,Standard,0.3819298929355018,0.24585708148442115,0.03813671241392024,-1.9232621364819187,0,0,Moderate,-0.9993622443626424,0.7474310986120957,-0.20914388929809416,-1.0199338242211575,1
UKL10225,Nainital,Rudraprayag,Mid-Hill,High-Hill,1.8180253505602615,First Class,-0.7777762597026621,-0.9104025924154953,0.001083797753808063,2.3274735409678304,0,0,Moderate,0.18889591413341897,-0.9839122283269446,-0.2764657866297946,1.7624505967612316,1
UKL10226,Udham Singh Nagar,Uttarkashi,Plain/Lower Hill,High-Hill,-0.3426641688267221,Same Day,-0.3912075421566074,0.2549257848091265,-1.9071413072419758,1.0969974238113243,0,1,Poor,-1.8677047448020734,-2.6134118301519234,-1.3283704324376133,0.9021771903850476,1
UKL10227,Udham Singh Nagar,Tehri Garhwal,Plain/Lower Hill,Mid-Hill,-1.5236078332690013,Standard,-1.9374824123408259,-0.3164025246473027,0.17245352805682765,0.7054822956251633,1,1,Good,0.9429828224097664,0.7474310986120957,0.47249032118537176,-2.0378167489830528,1
UKL10228,Chamoli,Champawat,High-Hill,Mid-Hill,-0.4272255670213549,Same Day,0.3819298929355018,0.7401014126808564,-0.6843951234582696,1.3207203542034165,0,0,Good,0.3945559800269679,-2.6134118301519234,-3.0871550002282855,0.6116037360957536,1
UKL10229,Bageshwar,Chamoli,Mid-Hill,High-Hill,-1.0658099189049575,Second Class,0.7684986104815564,0.03727690501620112,-0.32776081985468847,0.2860018011399903,0,0,Poor,0.5773649274879008,0.03452502281366723,-0.20914388929809416,-0.4495006151348001,1
UKL10230,Haridwar,Rudraprayag,Plain/Lower Hill,High-Hill,-0.9307060758123838,Standard,-0.3912075421566074,-0.4206926128814127,1.1219344662222057,1.041066691213301,0,0,Moderate,-0.15387086235582859,0.7474310986120957,1.2130311918340757,-1.136725369636468,1
UKL10231,Pauri Garhwal,Tehri Garhwal,Mid-Hill,Mid-Hill,-0.8918272720447369,Standard,1.155067328027611,1.4429259203455116,-0.1378646322216131,0.006348138149875597,0,0,Good,-1.9134069816673067,0.7474310986120957,-0.15023722913285684,-0.8800854198225672,1
UKL10232,Haridwar,Pauri Garhwal,Plain/Lower Hill,Mid-Hill,-0.5924604830338546,First Class,0.3819298929355018,0.4000250380044103,-0.44818279250005355,-0.077547960747159,0,0,Moderate,0.3717048615943518,-0.9839122283269446,-1.7238865792613527,-0.05574160642033007,1
UKL10233,Pauri Garhwal,Pithoragarh,Mid-Hill,High-Hill,1.631407092475556,Standard,-0.3912075421566074,-2.157349299562464,0.9181434355915876,0.8453091271202203,1,0,Good,-0.4052331651146117,0.7474310986120957,1.1541245316688384,1.0370557417872428,1
UKL10234,Nainital,Pithoragarh,Mid-Hill,High-Hill,-0.4670763408831928,First Class,0.7684986104815564,-1.0192270323119579,-0.8372383964312328,0.45379399893405953,0,0,Moderate,1.0800895330054672,-0.9839122283269446,-1.0759133174437367,0.1913252659005129,1
UKL10235,Bageshwar,Udham Singh Nagar,Mid-Hill,Plain/Lower Hill,-1.738413224085251,Standard,-1.1643449772487167,0.18691050987383728,-1.2448204576924684,-1.2520933453056424,0,0,Moderate,-0.2909775729515282,0.7474310986120957,0.5398122185170722,-2.2404808363360935,1
UKL10236,Champawat,Uttarkashi,Mid-Hill,High-Hill,-0.4962354437089281,Second Class,0.3819298929355018,-0.9829522190131372,-1.082713956054477,-0.27330552484023973,1,0,Good,2.0626876256079796,0.03452502281366723,0.19478749469210768,-0.40986400066354206,1
UKL10237,Champawat,Chamoli,Mid-Hill,High-Hill,0.7031756525229829,Standard,-0.7777762597026621,-0.06701318321790889,-0.17491754688172528,0.39786326633603647,0,1,Moderate,0.14319367726818677,0.7474310986120957,1.0531416856712879,-0.01724561394824476,1
UKL10238,Bageshwar,Dehradun,Mid-Hill,Plain/Lower Hill,-0.7917143523430457,Standard,-0.3912075421566074,-0.3300055796343604,0.14929545639425745,1.292754987904405,0,0,Good,-1.5934913236106742,0.7474310986120957,0.396753186687209,-1.1827168781031177,1
UKL10239,Haridwar,Dehradun,Plain/Lower Hill,Plain/Lower Hill,-1.9522466448073097,Standard,-0.004638824610552831,-0.8378529658178534,0.13540061339671547,0.06227887074789867,0,0,Moderate,0.4402582168922021,0.7474310986120957,-0.20914388929809416,-2.112160861429143,1
UKL10240,Bageshwar,Pithoragarh,Mid-Hill,High-Hill,0.03251628753107144,Same Day,-0.3912075421566074,1.3068953704749333,0.9690911932492425,0.5097247315320826,0,0,Moderate,0.7373227565162175,-2.6134118301519234,-2.3045379437472686,0.7835932389710377,1
UKL10241,Pauri Garhwal,Tehri Garhwal,Mid-Hill,Mid-Hill,-0.22116790705282516,Standard,0.7684986104815564,0.4725746646020519,0.17245352805682765,-1.9512275027809303,0,0,Good,-0.2224242176536789,0.7474310986120957,-0.46160100429197115,-0.6217752735098772,1
UKL10242,Bageshwar,Dehradun,Mid-Hill,Plain/Lower Hill,-0.6925734027355458,Second Class,-0.3912075421566074,-0.23931854638730812,1.7425707867790872,1.3766510868014394,0,0,Moderate,0.04036364432141231,0.03452502281366723,0.3546770008548964,-0.6705776004744889,1
UKL10243,Nainital,Dehradun,Mid-Hill,Plain/Lower Hill,-1.2728395489676778,Second Class,-0.7777762597026621,0.2413227298220688,-0.2397601475369221,-0.10551332704617054,0,0,Good,-0.679446586306011,0.03452502281366723,-0.8150409652833981,-1.22716039957089,1
UKL10244,Bageshwar,Haridwar,Mid-Hill,Plain/Lower Hill,-0.1706254621548841,Standard,0.3819298929355018,-0.2529216013743665,-1.1753462427047578,0.9012398597182435,0,1,Good,-0.42808428354722783,0.7474310986120957,0.9269131281743493,-0.2136362803058338,1
UKL10245,Almora,Rudraprayag,Mid-Hill,High-Hill,0.1967792334493805,Standard,-0.7777762597026621,0.3864219830173526,-0.3092343625246324,0.6495515630271402,0,0,Poor,1.1714940067359334,0.7474310986120957,1.6253778129907408,-0.14035131685897634,1
UKL10246,Uttarkashi,Haridwar,High-Hill,Plain/Lower Hill,-0.17548531262584,Standard,-0.7777762597026621,0.5360555878749887,2.673525267614408,-0.077547960747159,0,1,Good,0.18889591413341897,0.7474310986120957,-0.29329626096272005,-0.9081528683022144,1
UKL10247,Pauri Garhwal,Chamoli,Mid-Hill,High-Hill,1.4127138212825414,Standard,-0.3912075421566074,0.9169411275126086,0.06592639840900487,-1.000405048614539,0,0,Good,1.2628984804663999,0.7474310986120957,-0.2512200751304075,0.4779065431927027,1
UKL10248,Almora,Uttarkashi,Mid-Hill,High-Hill,-0.2960096043055461,Same Day,0.3819298929355018,-0.20757808475084033,0.5105613743303523,0.985135958615278,0,0,Moderate,0.09749144040295256,-2.6134118301519234,-2.1362332004180176,1.0701337797632562,1
UKL10249,Pithoragarh,Almora,High-Hill,Mid-Hill,0.19775120354357137,Standard,-0.3912075421566074,-0.32547122797200806,-1.8052457919266671,0.6495515630271402,0,0,Moderate,0.02893808510510426,0.7474310986120957,0.5818884043493848,-0.24284435078465422,1
UKL10250,Pithoragarh,Chamoli,High-Hill,High-Hill,2.0318587712823204,First Class,0.3819298929355018,-0.2574559530367188,-2.0738794232124813,0.5656554641301057,0,0,Moderate,-1.2050223102561923,-0.9839122283269446,-0.25963531229686987,2.3320690758481795,1
UKL10251,Nainital,Tehri Garhwal,Mid-Hill,Mid-Hill,0.8431393460865125,Standard,1.155067328027611,1.1617961172796494,-0.4898673214926798,-1.5317470082957576,0,0,Moderate,-0.2681264545189121,0.7474310986120957,0.3799227123542835,0.425804559730483,1
UKL10252,Bageshwar,Pauri Garhwal,Mid-Hill,Mid-Hill,-0.0909239144312078,Standard,-1.9374824123408259,-1.1325858238707733,-1.0132397410667664,-1.000405048614539,0,0,Moderate,-0.9765111259300263,0.7474310986120957,0.21161796902503316,-0.79804210888206,1
UKL10253,Champawat,Almora,Mid-Hill,Mid-Hill,-1.0016598926883395,Standard,0.3819298929355018,1.0756434356949502,0.7606685482861107,-1.000405048614539,0,0,Moderate,0.04036364432141231,0.7474310986120957,-0.015593434469455979,-0.9653061777607703,1
UKL10254,Pithoragarh,Tehri Garhwal,High-Hill,Mid-Hill,1.0637765574679094,First Class,-0.004638824610552831,0.22318532317265807,0.7560369339535963,0.17414033594394418,0,0,Moderate,-0.2909775729515282,-0.9839122283269446,-0.9244390484474111,1.3825419980367175,1
UKL10255,Almora,Dehradun,Mid-Hill,Plain/Lower Hill,-2.114565650537236,Standard,0.7684986104815564,-0.2710590080237765,-1.5366121606408527,-2.4546040961631377,1,1,Moderate,-0.7937021784690935,0.7474310986120957,1.086802634337138,-1.940619460053534,1
UKL10256,Udham Singh Nagar,Rudraprayag,Plain/Lower Hill,High-Hill,-1.6198328725939277,Standard,-0.004638824610552831,-0.8831964824413795,-2.2591439965130427,0.23007106854196724,0,1,Good,-0.7251488231712442,0.7474310986120957,0.7249474361792481,-1.5408314493434354,1
UKL10257,Udham Singh Nagar,Pithoragarh,Plain/Lower Hill,High-Hill,0.8654946582529092,Same Day,-0.004638824610552831,1.0756434356949502,-1.1382933280446452,-0.6368552867273893,0,0,Good,-2.141918165993472,-2.6134118301519234,-2.405520789744819,2.113721436006512,1
UKL10258,Tehri Garhwal,Udham Singh Nagar,Mid-Hill,Plain/Lower Hill,0.34840656814320364,Second Class,-0.7777762597026621,-0.21664678807554505,0.3252968010297908,-1.280058711604654,0,0,Good,-0.49663763884507817,0.03452502281366723,-0.5205076644572084,-0.5082426480922044,1
UKL10259,Nainital,Rudraprayag,Mid-Hill,High-Hill,0.9082613423973213,First Class,-0.3912075421566074,1.3068953704749333,-1.0178713553992804,-1.4198855430997117,1,1,Good,-0.1767219807884467,-0.9839122283269446,-0.46160100429197115,0.788563091967434,1
UKL10260,Champawat,Bageshwar,Mid-Hill,Mid-Hill,-0.9540333580729722,Standard,1.155067328027611,0.09168912496443263,0.052031555411462885,-1.0843011475115736,0,1,Moderate,-0.1767219807884467,0.7474310986120957,0.09380464869455704,-0.9729646397552169,1
UKL10261,Chamoli,Bageshwar,High-Hill,Mid-Hill,-1.0939970516365012,Standard,0.3819298929355018,-0.06247883155555653,0.436455545010128,-0.7766821182224467,0,0,Poor,1.1257917698706992,0.7474310986120957,0.3041855778561207,-0.9470969622739743,1
UKL10262,Pithoragarh,Champawat,High-Hill,Mid-Hill,-1.1960539115265747,First Class,-1.1643449772487167,-1.6495019133789717,-0.05449557423636054,0.45379399893405953,0,0,Good,1.1714940067359334,-0.9839122283269446,-0.6214905104547591,-1.0329287677117347,1
UKL10263,Nainital,Pithoragarh,Mid-Hill,High-Hill,0.1267973866676154,Standard,-1.1643449772487167,-0.3345399312967134,0.10761092740163083,-0.7487167519234352,0,0,Moderate,-2.0733648106956224,0.7474310986120957,0.11905036019394488,-0.22186505329986764,1
UKL10264,Pauri Garhwal,Uttarkashi,Mid-Hill,High-Hill,-0.39126267353628097,Standard,-1.1643449772487167,-1.5134713635083932,1.0107757222418685,-1.7554699386878498,0,1,Good,0.9429828224097664,0.7474310986120957,-0.39427910696027074,-0.8021972318790468,1
UKL10265,Almora,Dehradun,Mid-Hill,Plain/Lower Hill,-0.5390021278533399,Standard,1.155067328027611,-0.7108911192719803,1.4276210121681319,-0.8046474845214583,0,0,Moderate,1.1486428883033153,0.7474310986120957,0.2452789176908834,-0.5163084750863551,1
UKL10266,Chamoli,Udham Singh Nagar,High-Hill,Plain/Lower Hill,1.1327864341554825,Second Class,0.3819298929355018,-0.012600963269677384,-1.1660830140397296,-1.0283704149135506,0,1,Moderate,0.7373227565162175,0.03452502281366723,1.2635226148328516,1.1130293142321508,1
UKL10267,Pauri Garhwal,Pithoragarh,Mid-Hill,High-Hill,1.5293502325854824,First Class,-0.7777762597026621,-0.3436086346214188,-0.9298706830815135,0.5936208304291172,0,0,Good,1.1943451251685495,-0.9839122283269446,-0.35220292112795737,1.462222591978938,1
UKL10268,Almora,Pithoragarh,Mid-Hill,High-Hill,0.9442242358823946,Standard,-1.5509136947947713,0.8761319625514349,1.538779756148469,-0.8046474845214583,0,0,Moderate,-0.08531750705798029,0.7474310986120957,0.5061512698512219,0.21621526738246474,1
UKL10269,Haridwar,Rudraprayag,Plain/Lower Hill,High-Hill,-0.36113160061635485,Standard,0.7684986104815564,-0.8061125041813852,-0.05449557423636054,-0.9165089497175044,1,1,Good,0.5316626906226686,0.7474310986120957,0.9689893140066619,-0.4024499576689185,1
UKL10270,Champawat,Nainital,Mid-Hill,Mid-Hill,1.2474789052700415,Standard,-0.004638824610552831,1.8736893282690101,0.4688768453377264,-0.02161722814913594,0,0,Moderate,1.514260783225181,0.7474310986120957,0.8259302821767986,0.8418871704287664,1
UKL10271,Haridwar,Dehradun,Plain/Lower Hill,Plain/Lower Hill,-2.3147914899406183,Standard,0.3819298929355018,-0.5612575144143441,-0.31386597685714646,0.17414033594394418,0,0,Good,-2.0733648106956224,0.7474310986120957,0.00965227702993187,-2.0418496624801286,1
UKL10272,Dehradun,Nainital,Plain/Lower Hill,Mid-Hill,-0.6663302101923838,First Class,0.7684986104815564,0.1143608832761957,-0.21197046154183746,-0.1334786933451821,0,1,Good,-0.9079577706321761,-0.9839122283269446,-1.4461837527680887,-0.024048609443311025,1
UKL10273,Haridwar,Chamoli,Plain/Lower Hill,High-Hill,-1.3107463826411336,Second Class,0.3819298929355018,0.5133838295632257,-1.2309256146949261,-0.7766821182224467,0,0,Good,-1.524937968312824,0.03452502281366723,-0.040839145968843825,-0.7295640524317156,1
UKL10274,Almora,Nainital,Mid-Hill,Mid-Hill,-0.28823384355201664,Standard,-0.004638824610552831,1.5608190635666794,0.9135118212590739,1.1529281564093472,1,0,Moderate,-0.2909775729515282,0.7474310986120957,0.4640750840189094,-0.34513370221048045,1
UKL10275,Chamoli,Nainital,High-Hill,Mid-Hill,-1.2990827415108397,First Class,-1.5509136947947713,-0.41615826121906035,1.3210938825203091,-1.0843011475115736,0,0,Good,-2.461833824050104,-0.9839122283269446,-1.9679284570887667,-1.2522540835526939,0
UKL10276,Udham Singh Nagar,Haridwar,Plain/Lower Hill,Plain/Lower Hill,-0.920014404776281,Standard,-1.1643449772487167,1.8238114599831317,1.487831998490815,-2.370707997266103,0,0,Moderate,0.5316626906226686,0.7474310986120957,-0.6888124077864596,-1.531584263850141,0
UKL10277,Pithoragarh,Nainital,High-Hill,Mid-Hill,2.191261866729673,Standard,-1.5509136947947713,0.7446357643432088,2.219627063028033,-0.9165089497175044,0,0,Good,-0.15387086235582859,0.7474310986120957,-0.024008671635918345,1.4033990860215928,1
UKL10278,Almora,Haridwar,Mid-Hill,Plain/Lower Hill,0.10832995487798328,Standard,-0.004638824610552831,-0.16223456812731418,0.334560029694819,0.6775169293261518,1,0,Moderate,0.34885374316173573,0.7474310986120957,1.0110654998389745,-0.21172166480722296,1
UKL10279,Champawat,Pithoragarh,Mid-Hill,High-Hill,2.4118990781110705,Standard,-1.9374824123408259,-1.4499904402354564,-1.0363978127293365,-0.1334786933451821,0,1,Good,-2.004811455397772,0.7474310986120957,1.1793702431682256,1.039785087285263,1
UKL10280,Nainital,Almora,Mid-Hill,Mid-Hill,-0.4991513539915017,Standard,-0.3912075421566074,0.43176549964087874,-1.1382933280446452,1.3766510868014394,0,0,Good,0.07464032197033646,0.7474310986120957,0.7165321990127856,-0.8566211958395821,1
UKL10281,Uttarkashi,Almora,High-Hill,Mid-Hill,0.18317165213070372,Second Class,0.3819298929355018,0.10529217995149034,0.48740330266778215,-0.04958259444814747,1,1,Good,-1.0450644812278758,0.03452502281366723,0.5987188786823103,0.32657044580244177,1
UKL10282,Haridwar,Udham Singh Nagar,Plain/Lower Hill,Plain/Lower Hill,-1.1941099713381926,First Class,-0.004638824610552831,0.9985594574349556,-0.008179430911220148,-0.6088899204283779,0,0,Good,-0.47378652041246105,-0.9839122283269446,-0.7477190679516976,-0.982863609248039,1
UKL10283,Pithoragarh,Champawat,High-Hill,Mid-Hill,0.2502375886298952,First Class,-0.7777762597026621,-0.31186817298495034,-0.628815751468101,-0.6927860193254124,0,1,Good,0.9886850592750006,-0.9839122283269446,-1.4125228041022384,0.11315192245719909,1
UKL10284,Udham Singh Nagar,Almora,Plain/Lower Hill,Mid-Hill,-1.8618534260475303,Standard,-1.5509136947947713,0.9532159408114295,0.7189840192934841,1.7122354823895773,0,0,Good,0.8515783486793,0.7474310986120957,0.287355103523196,-2.6872787680121037,1
UKL10285,Bageshwar,Pithoragarh,Mid-Hill,High-Hill,2.2554118929462907,Standard,0.3819298929355018,-0.07154753488026189,1.3210938825203091,-0.5809245541293663,0,1,Good,0.2803003878638854,0.7474310986120957,0.9184978910078869,1.7536515127676118,1
UKL10286,Champawat,Nainital,Mid-Hill,Mid-Hill,1.3038531707331298,Second Class,-0.004638824610552831,0.921475479174961,-1.1151352563820751,-0.5809245541293663,0,1,Moderate,0.6687694012183671,0.03452502281366723,0.8764217051755744,0.8649847659120178,1
UKL10287,Chamoli,Tehri Garhwal,High-Hill,Mid-Hill,1.2338713239513652,Standard,1.5416360455736655,-1.0963110105719525,1.2655145105301406,1.6563047497915542,1,1,Moderate,1.034387296140233,0.7474310986120957,2.3827491579723694,1.307994203090775,1
UKL10288,Dehradun,Bageshwar,Plain/Lower Hill,Mid-Hill,-0.849060587900325,Standard,0.7684986104815564,1.3159640737996385,0.5985620466481194,-2.2308811657710454,0,0,Good,1.0572384145728488,0.7474310986120957,-0.15023722913285684,-1.3090407645115154,1
UKL10289,Champawat,Chamoli,Mid-Hill,High-Hill,0.7741294693989388,Second Class,-0.004638824610552831,-0.3526773379461235,0.15392707072677123,1.1249627901103356,0,1,Good,-1.7305980342063738,0.03452502281366723,0.14429607169333272,0.7788270684744936,1
UKL10290,Nainital,Uttarkashi,Mid-Hill,High-Hill,-1.2145213433162072,Standard,1.5416360455736655,-0.6746163059731595,1.9973095750673593,0.03431350444888713,0,1,Moderate,-0.679446586306011,0.7474310986120957,1.3897511723297893,-1.073991159681959,1
UKL10291,Tehri Garhwal,Udham Singh Nagar,Mid-Hill,Plain/Lower Hill,-1.4011396014009132,Standard,0.3819298929355018,-1.7537920016130817,-1.3698740446703472,0.6775169293261518,0,1,Moderate,0.5316626906226686,0.7474310986120957,0.5566426928499969,-1.277510713534379,1
UKL10292,Chamoli,Nainital,High-Hill,Mid-Hill,1.339816064218203,Same Day,1.5416360455736655,0.07355171831502191,2.0297308753949572,0.929205226017255,0,0,Good,1.4000051910620985,-2.6134118301519234,-1.7154713420948904,2.7297082361848366,1
UKL10293,Bageshwar,Uttarkashi,Mid-Hill,High-Hill,-0.030661768591354995,Standard,0.3819298929355018,0.3002693014326526,2.0853102473851255,0.8453091271202203,0,0,Moderate,0.2117470325660371,0.7474310986120957,0.7586083848450983,-0.3828964376830972,1
UKL10294,Haridwar,Dehradun,Plain/Lower Hill,Plain/Lower Hill,-1.615944992217163,Standard,-0.004638824610552831,-0.9104025924154953,-0.012811045243733922,-0.6927860193254124,0,0,Moderate,0.9201317039771504,0.7474310986120957,0.287355103523196,-1.765330300680643,1
UKL10295,Uttarkashi,Udham Singh Nagar,High-Hill,Plain/Lower Hill,0.08014282214643939,Standard,-0.004638824610552831,-0.3617460412708288,-1.0271345840643085,0.48175936523307106,0,0,Moderate,1.0572384145728488,0.7474310986120957,0.3041855778561207,-0.10971746888118923,1
UKL10296,Tehri Garhwal,Uttarkashi,Mid-Hill,High-Hill,-0.7635272196115015,Same Day,-0.004638824610552831,0.8489258525773195,1.6962546434539467,0.006348138149875597,0,0,Moderate,-0.33667980981676143,-2.6134118301519234,-2.405520789744819,0.779152960474257,1
UKL10297,Chamoli,Tehri Garhwal,High-Hill,Mid-Hill,-0.849060587900325,Second Class,0.7684986104815564,1.6877809101125532,-0.6102892941380449,0.06227887074789867,0,1,Poor,-0.7937021784690935,0.03452502281366723,0.9521588396737372,-0.25775390977384305,1
UKL10298,Rudraprayag,Pithoragarh,High-Hill,High-Hill,0.7916249310943801,Same Day,0.7684986104815564,0.2730631914585372,1.8074133874342833,0.25803643484097877,0,0,Moderate,-0.1767219807884467,-2.6134118301519234,-1.5471665987656393,2.182118019456915,1
UKL10299,Pithoragarh,Haridwar,High-Hill,Plain/Lower Hill,-0.5827407820919428,Standard,-1.1643449772487167,0.3229410597444157,-0.23049691887189389,-1.559712374594769,0,0,Moderate,0.623067164353135,0.7474310986120957,0.3041855778561207,-1.3488810614826257,1
UKL10300,Pithoragarh,Champawat,High-Hill,Mid-Hill,0.9986545611571007,Standard,-0.3912075421566074,0.7264983576937987,-0.1193381748915567,0.03431350444888713,0,0,Moderate,1.925580915012281,0.7474310986120957,0.36309223802135876,0.4870722556860563,1
UKL10301,Dehradun,Bageshwar,Plain/Lower Hill,Mid-Hill,-1.50611237157356,First Class,-0.3912075421566074,1.3794449970725748,-0.8094487104361487,-0.5809245541293663,0,0,Good,-1.1593200733909592,-0.9839122283269446,-1.8921913225906037,-1.0268997657161065,1
UKL10302,Tehri Garhwal,Nainital,Mid-Hill,Mid-Hill,-1.015267474007016,Second Class,1.5416360455736655,-0.8378529658178534,2.2011006056979765,1.404616453100451,0,0,Moderate,1.1714940067359334,0.03452502281366723,0.6323798273481605,-0.7523357559152032,1
UKL10303,Udham Singh Nagar,Uttarkashi,Plain/Lower Hill,High-Hill,0.2201065157099685,Standard,0.7684986104815564,-1.5225400668330982,0.10297931306911705,1.2647896216053933,0,1,Good,1.285749598899016,0.7474310986120957,1.3813359351633268,-0.3805337206848108,1
UKL10304,Rudraprayag,Uttarkashi,High-Hill,High-Hill,-0.3893187333478987,Same Day,-0.004638824610552831,-0.5476544594272861,1.4600423124957305,0.8453091271202203,0,0,Moderate,1.034387296140233,-2.6134118301519234,-1.9595132199223042,0.6622392055590361,1
UKL10305,Chamoli,Almora,High-Hill,Mid-Hill,0.19483529326099772,First Class,-0.3912075421566074,-1.1779293404942994,-1.8608251639168354,-2.4546040961631377,0,0,Good,-0.9993622443626424,-0.9839122283269446,-1.7827932394265904,0.5875284646132112,1
UKL10306,Tehri Garhwal,Uttarkashi,Mid-Hill,High-Hill,1.508938860607468,First Class,0.3819298929355018,0.5088494779008733,0.8625640636014197,-0.4970284552323317,0,1,Poor,-0.9765111259300263,-0.9839122283269446,0.19478749469210768,1.7037085638038274,1
UKL10307,Champawat,Uttarkashi,Mid-Hill,High-Hill,0.8343916152387916,Standard,0.7684986104815564,0.2594601364714795,-0.2166020758743519,2.4393350061638768,0,1,Good,1.9712831518775131,0.7474310986120957,0.6239645901816974,0.4725700616965717,1
UKL10308,Chamoli,Almora,High-Hill,Mid-Hill,2.0678216647673944,Standard,0.7684986104815564,-0.6428758443366911,-0.2073388472093237,0.36989790003702494,0,0,Good,0.48596045375743435,0.7474310986120957,0.7838540963444861,1.6675752883300294,1
UKL10309,Udham Singh Nagar,Pauri Garhwal,Plain/Lower Hill,Mid-Hill,-0.5108149951217957,Standard,-0.3912075421566074,0.7673075226549718,0.5198246029953806,1.7961315812866119,0,1,Moderate,-0.8622555337669429,0.7474310986120957,1.1793702431682256,-0.535576839572383,1
UKL10310,Tehri Garhwal,Pithoragarh,Mid-Hill,High-Hill,1.5633691858821737,Standard,-0.7777762597026621,0.3773532796926472,-0.0498639599038461,-0.6368552867273893,0,1,Good,1.0572384145728488,0.7474310986120957,0.8259302821767986,0.7354426960059528,1
UKL10311,Haridwar,Udham Singh Nagar,Plain/Lower Hill,Plain/Lower Hill,-2.1874634076015744,Second Class,-0.3912075421566074,1.7376587783984316,-0.41576149217245545,-1.280058711604654,0,0,Good,-1.6848957973411407,0.03452502281366723,-0.5794143246224466,-2.1621852833928688,1
UKL10312,Rudraprayag,Champawat,High-Hill,Mid-Hill,-1.1046887226726045,Second Class,-1.1643449772487167,-0.2302498430626034,0.43182393067761354,0.0902442370469102,0,0,Good,0.12034255883557068,0.03452502281366723,-0.015593434469455979,-1.4620877949005355,1
UKL10313,Udham Singh Nagar,Uttarkashi,Plain/Lower Hill,High-Hill,-0.9472295674136337,Standard,1.92820476311972,1.9054297899054784,0.3901394016849876,-1.0843011475115736,0,1,Good,0.46310933532481824,0.7474310986120957,0.03489798852931972,-0.7674489974042442,1
UKL10314,Dehradun,Chamoli,Plain/Lower Hill,High-Hill,0.1161057156315128,Second Class,1.92820476311972,-0.14863151314025583,-0.7677641814435222,0.11820960334592173,0,0,Moderate,2.0626876256079796,0.03452502281366723,0.48090555835183413,0.7806602109731644,1
UKL10315,Uttarkashi,Bageshwar,High-Hill,Mid-Hill,-0.6177317054828251,Standard,-0.7777762597026621,-1.0963110105719525,0.7421420909560543,-0.10551332704617054,0,0,Moderate,-0.9765111259300263,0.7474310986120957,0.34626176368843326,-0.5928930950308211,1
UKL10316,Uttarkashi,Pithoragarh,High-Hill,High-Hill,-0.7450597878218693,Standard,-0.004638824610552831,-0.09421929319202496,-1.217030771697384,1.0131013249142895,0,1,Moderate,-2.1647692844260886,0.7474310986120957,0.7754388591780237,-0.9679947867588206,1
UKL10317,Nainital,Rudraprayag,Mid-Hill,High-Hill,-0.643974898025987,Second Class,-1.1643449772487167,-0.9240056474025533,-0.3462872771847449,-0.3851669900362859,0,0,Good,-0.33667980981676143,0.03452502281366723,-0.5373381387901339,-0.686138943463205,1
UKL10318,Pauri Garhwal,Chamoli,Mid-Hill,High-Hill,-0.6187036755770164,Standard,0.3819298929355018,0.31387235641971034,-0.42965633516999746,1.4605471856984742,0,1,Good,0.12034255883557068,0.7474310986120957,0.9184978910078869,-0.9460785497747128,1
UKL10319,Almora,Chamoli,Mid-Hill,High-Hill,-0.6673021802865753,Standard,-1.5509136947947713,-0.09875364485437732,-2.5370408564638853,1.404616453100451,0,0,Moderate,-0.1995730992210628,0.7474310986120957,1.1541245316688384,-1.125930197144296,1
UKL10320,Udham Singh Nagar,Rudraprayag,Plain/Lower Hill,High-Hill,0.07236706139290988,First Class,-0.7777762597026621,1.2116739855655285,0.45498200234018377,0.8732744934192319,1,1,Good,-0.7708510600364774,-0.9839122283269446,-0.007178197302993612,0.17674159891108834,1
UKL10321,Udham Singh Nagar,Uttarkashi,Plain/Lower Hill,High-Hill,0.28814442230335086,Standard,-0.7777762597026621,0.3954906863420579,0.6309833469757178,-1.6995392060898267,0,0,Moderate,-1.3878312577171241,0.7474310986120957,0.34626176368843326,0.19067348190098612,1
UKL10322,Chamoli,Pithoragarh,High-Hill,High-Hill,0.5058657234021741,Standard,0.7684986104815564,-0.10782234817908268,-0.3370240485197167,-1.6715738397908153,0,1,Moderate,0.4402582168922021,0.7474310986120957,1.0615569228377502,-0.014842160449987003,1
UKL10323,Champawat,Rudraprayag,Mid-Hill,High-Hill,-0.5399740979475309,Standard,-1.1643449772487167,0.8897350175384926,-2.5370408564638853,-0.3572016237372743,0,0,Good,2.0626876256079796,0.7474310986120957,0.3799227123542835,-1.0669844816870397,1
UKL10324,Udham Singh Nagar,Haridwar,Plain/Lower Hill,Plain/Lower Hill,-1.4925047902548834,Standard,0.7684986104815564,0.12796393826325342,1.6638333431263483,-1.168197246408608,0,0,Poor,1.6970697306861138,0.7474310986120957,0.5229817441841474,-1.229441643569236,1
UKL10325,Champawat,Almora,Mid-Hill,Mid-Hill,-0.3815429725943692,Second Class,-1.5509136947947713,0.5950021594855726,0.8023530772787367,1.0690320575123127,1,0,Good,-0.6337443494407778,0.03452502281366723,-0.15023722913285684,-0.5618111455533598,1
UKL10326,Haridwar,Udham Singh Nagar,Plain/Lower Hill,Plain/Lower Hill,-0.9579212384497366,Second Class,-0.004638824610552831,0.6176739177973357,-0.2073388472093237,-0.720751385624424,0,0,Good,-0.10816862549059639,0.03452502281366723,-0.9580999971132613,-0.9648988127610656,1
UKL10327,Tehri Garhwal,Dehradun,Mid-Hill,Plain/Lower Hill,-0.42139374645620764,Standard,-0.004638824610552831,-1.1552575821825364,-0.7492377241134661,-0.8046474845214583,0,1,Good,-0.2224242176536789,0.7474310986120957,0.5482274556835346,-0.8013825018796374,1
UKL10328,Haridwar,Dehradun,Plain/Lower Hill,Plain/Lower Hill,-2.030976222436795,Second Class,0.3819298929355018,2.4268802310760287,1.182145452544888,-1.224127979006631,0,1,Moderate,-0.3823820466819946,0.03452502281366723,-0.17548294063224396,-1.6244227472828205,1
UKL10329,Chamoli,Nainital,High-Hill,Mid-Hill,-1.1834183003020897,Second Class,1.155067328027611,-0.9466774057143164,0.3762445586874456,1.6842701160905658,0,0,Moderate,0.7144716380836014,0.03452502281366723,-0.124991517633469,-0.8085521258744385,1
UKL10330,Rudraprayag,Champawat,High-Hill,Mid-Hill,0.8411954058981297,Standard,-0.004638824610552831,0.13703264158795878,0.8440376062713633,0.14617496964493265,1,1,Poor,0.645918282785751,0.7474310986120957,1.7263606589882914,0.6441929360721219,1
UKL10331,Udham Singh Nagar,Chamoli,Plain/Lower Hill,High-Hill,-1.4905608500665013,Second Class,-0.7777762597026621,0.5269868845502834,-0.6751318947932414,0.2860018011399903,0,1,Good,-1.3421290208518921,0.03452502281366723,-0.6719819334535349,-1.4102709669381097,1
UKL10332,Chamoli,Tehri Garhwal,High-Hill,Mid-Hill,-0.3572437202395898,Standard,-0.7777762597026621,0.8262540942655563,0.9274066642566159,0.06227887074789867,0,1,Moderate,-2.1190670475608555,0.7474310986120957,1.0363112113383623,-0.7456957064200181,1
UKL10333,Champawat,Udham Singh Nagar,Mid-Hill,Plain/Lower Hill,-1.020127324477972,Standard,0.3819298929355018,-1.055501845610779,0.2558225860420802,-0.3572016237372743,0,1,Good,-0.6108932310081607,0.7474310986120957,0.6492103016810852,-1.190782705097269,1
UKL10334,Tehri Garhwal,Champawat,Mid-Hill,Mid-Hill,0.4611550990693803,Standard,-0.004638824610552831,0.205047916523248,-0.7723957957760362,0.17414033594394418,0,0,Good,0.8287272302466839,0.7474310986120957,0.4388293725195216,-0.35715096970176646,1
UKL10335,Dehradun,Pithoragarh,Plain/Lower Hill,High-Hill,0.15887239977592432,Second Class,1.92820476311972,-0.39348650290729725,0.3762445586874456,-1.056335781212562,0,0,Moderate,1.3314518357642482,0.03452502281366723,-0.08291533180115641,0.3429872552905372,1
UKL10336,Dehradun,Udham Singh Nagar,Plain/Lower Hill,Plain/Lower Hill,-1.1163523638028985,Standard,-0.7777762597026621,-1.0736392522601894,0.9783544219142707,-1.503781641996746,0,0,Moderate,-0.8622555337669429,0.7474310986120957,0.2789398663567336,-1.3971538139476214,1
UKL10337,Nainital,Champawat,Mid-Hill,Mid-Hill,0.054871599697468604,First Class,-0.7777762597026621,-1.749257649950729,-2.3703027404933796,-1.559712374594769,0,1,Poor,1.102940651438083,-0.9839122283269446,-0.4026943441267331,0.4372107797222127,1
UKL10338,Rudraprayag,Champawat,High-Hill,Mid-Hill,-1.0813614404120162,Second Class,-0.7777762597026621,0.6539487310961565,-1.082713956054477,0.985135958615278,0,1,Moderate,-1.4335334945823575,0.03452502281366723,0.21161796902503316,-0.7441884559211112,1
UKL10339,Tehri Garhwal,Almora,Mid-Hill,Mid-Hill,-0.6468908083085604,Standard,-1.1643449772487167,1.2343457438772916,-2.5370408564638853,0.39786326633603647,0,0,Moderate,0.9429828224097664,0.7474310986120957,0.6239645901816974,-1.106498886658386,1
UKL10340,Bageshwar,Dehradun,Mid-Hill,Plain/Lower Hill,-0.7100688644309868,Second Class,-0.3912075421566074,-0.9421430540519637,1.2423564388675703,-1.0843011475115736,0,0,Moderate,1.6056652569556475,0.03452502281366723,-0.05766962030176856,-0.8624465153353577,1
UKL10341,Uttarkashi,Tehri Garhwal,High-Hill,Mid-Hill,1.3942463894929091,Standard,-0.7777762597026621,0.735567061018504,0.8069846916112511,1.5724086508945196,0,0,Moderate,-1.7077469157737568,0.7474310986120957,0.34626176368843326,0.8952927218900396,1
UKL10342,Dehradun,Udham Singh Nagar,Plain/Lower Hill,Plain/Lower Hill,-2.4139324395481183,Standard,-0.004638824610552831,-0.5023109428037603,-0.1286014035565849,-2.063088967976976,0,1,Good,-0.7022977047386271,0.7474310986120957,-0.11657628046700663,-2.5060828161434956,1
UKL10343,Tehri Garhwal,Nainital,Mid-Hill,Mid-Hill,-0.1647936415897374,First Class,-1.5509136947947713,1.406651107046691,-0.6241841371355872,-0.21737479224221667,0,0,Good,1.925580915012281,-0.9839122283269446,-0.015593434469455979,-0.09309697689324166,1
UKL10344,Haridwar,Tehri Garhwal,Plain/Lower Hill,Mid-Hill,0.5048937533079831,Standard,0.7684986104815564,0.2866662464455949,-0.0498639599038461,-0.6088899204283779,0,0,Moderate,1.3771540726294824,0.7474310986120957,0.45565984685244704,0.21853724788078074,1
UKL10345,Nainital,Pauri Garhwal,Mid-Hill,Mid-Hill,2.8065189363526892,Standard,-0.004638824610552831,1.1164526006561233,0.21876967138196804,1.1249627901103356,0,0,Good,0.3717048615943518,0.7474310986120957,0.36309223802135876,-0.05574160642033007,1
UKL10346,Chamoli,Pauri Garhwal,High-Hill,Mid-Hill,-1.4108593023428249,Same Day,-0.004638824610552831,-1.8444790348601339,1.3071990395227673,-0.27330552484023973,0,0,Good,0.12034255883557068,-2.6134118301519234,-3.03666357722951,-0.15872347834565395,1
UKL10347,Pauri Garhwal,Tehri Garhwal,Mid-Hill,Mid-Hill,0.4222762953017332,Standard,0.3819298929355018,2.014254229801941,0.5105613743303523,-0.4970284552323317,0,1,Good,0.645918282785751,0.7474310986120957,1.2551073776663884,-0.1617787158434385,1
UKL10348,Dehradun,Champawat,Plain/Lower Hill,Mid-Hill,-1.9639102859376039,First Class,1.155067328027611,-0.8922651857660849,-1.082713956054477,-0.8046474845214583,0,1,Moderate,-0.15387086235582859,-0.9839122283269446,-1.4293532784351635,-1.0618109461907912,1
UKL10349,Dehradun,Haridwar,Plain/Lower Hill,Plain/Lower Hill,-0.904462883269222,Second Class,0.7684986104815564,-1.0872423072472472,-1.0410294270618508,-0.7766821182224467,0,0,Moderate,-1.0679155996604928,0.03452502281366723,-0.7308885936187721,-0.5703658105471565,1
UKL10350,Pauri Garhwal,Uttarkashi,Mid-Hill,High-Hill,0.30952776437555657,Standard,-1.9374824123408259,-1.0101583289872529,1.7749920871066849,0.3419325337380134,0,0,Moderate,0.417407098459586,0.7474310986120957,0.3799227123542835,-0.05333815292207231,1
UKL10351,Nainital,Haridwar,Mid-Hill,Plain/Lower Hill,0.6341657758354097,Standard,-0.7777762597026621,1.615231283514911,-0.614920908470559,0.5376900978310941,0,0,Moderate,0.12034255883557068,0.7474310986120957,0.22003320619149552,-0.12804889386789642,1
UKL10352,Pauri Garhwal,Almora,Mid-Hill,Mid-Hill,-0.7703310102708398,Standard,-0.3912075421566074,0.023673850029143403,0.6170885039781752,1.9639237790806812,0,0,Good,-1.6848957973411407,0.7474310986120957,0.5398122185170722,-0.900168514308004,1
UKL10353,Pithoragarh,Chamoli,High-Hill,High-Hill,-0.49720741380311945,First Class,-0.7777762597026621,1.0801777873573024,0.35308648702487544,-0.18940942594320515,0,1,Good,0.3945559800269679,-0.9839122283269446,-0.8066257281169349,-0.26386438476941215,1
UKL10354,Haridwar,Bageshwar,Plain/Lower Hill,Mid-Hill,-0.061764811605472515,Second Class,-0.7777762597026621,0.5451242911996941,-1.3467159730077771,0.25803643484097877,0,0,Poor,-1.0450644812278758,0.03452502281366723,0.29577034068965835,-0.028448151440121385,1
UKL10355,Uttarkashi,Tehri Garhwal,High-Hill,Mid-Hill,1.2678902772480563,Standard,-0.3912075421566074,0.3682845763679419,0.15855868505928566,-0.27330552484023973,0,0,Good,-0.13101974392321247,0.7474310986120957,0.6912864875133978,0.7113674245234113,1
UKL10356,Bageshwar,Pauri Garhwal,Mid-Hill,Mid-Hill,-0.42819753711554576,Standard,-0.3912075421566074,-1.0691049005978368,0.6587730329708017,1.0969974238113243,0,0,Poor,0.9886850592750006,0.7474310986120957,0.14429607169333272,-0.30749317623777495,1
UKL10357,Uttarkashi,Udham Singh Nagar,High-Hill,Plain/Lower Hill,-0.4981793838973106,Same Day,-1.1643449772487167,-0.49777659114140727,0.5151929886628668,0.48175936523307106,0,0,Good,-0.03961527019274606,-2.6134118301519234,-1.883776085424141,0.6408525430745444,1
UKL10358,Rudraprayag,Uttarkashi,High-Hill,High-Hill,0.05292765950908636,Standard,0.3819298929355018,-1.0282957356366633,1.2608828961976268,0.23007106854196724,0,0,Good,-0.13101974392321247,0.7474310986120957,1.1120483458365251,-0.2708710627643314,1
UKL10359,Bageshwar,Champawat,Mid-Hill,Mid-Hill,-0.022886007837825476,Same Day,0.7684986104815564,0.9169411275126086,-0.2999711338596045,-0.3292362574382628,0,0,Moderate,-2.710339737004811,-2.6134118301519234,-2.186724623416793,0.8957000868897448,1
UKL10360,Pauri Garhwal,Bageshwar,Mid-Hill,Mid-Hill,0.9170090732450416,First Class,0.3819298929355018,-0.030738369919088102,0.3716129443549312,0.11820960334592173,0,0,Good,-0.679446586306011,-0.9839122283269446,-1.3536161439370007,1.3222927145804066,1
UKL10361,Uttarkashi,Bageshwar,High-Hill,Mid-Hill,0.18997544279004183,Standard,-1.5509136947947713,-1.4817309018719247,2.673525267614408,-0.4970284552323317,0,0,Poor,-2.507536060915337,0.7474310986120957,0.9689893140066619,-0.05492687642092067,1
UKL10362,Almora,Pithoragarh,Mid-Hill,High-Hill,0.7508021871383508,Standard,-1.1643449772487167,0.839857149252614,-0.7677641814435222,-0.10551332704617054,0,0,Good,0.05178920353772036,0.7474310986120957,0.7081169618463233,-0.023030196944049515,1
UKL10363,Dehradun,Bageshwar,Plain/Lower Hill,Mid-Hill,0.12290950629085091,Standard,1.5416360455736655,0.6131395661349833,0.8301427632738213,-1.7275045723888383,0,0,Moderate,-0.2681264545189121,0.7474310986120957,0.3715074751878211,0.18627393990417576,1
UKL10364,Champawat,Chamoli,Mid-Hill,High-Hill,-0.1764572827200314,Standard,0.7684986104815564,0.07355171831502191,-0.26754983353200606,1.3207203542034165,0,0,Good,-0.2909775729515282,0.7474310986120957,0.11905036019394488,-0.05574160642033007,1
UKL10365,Rudraprayag,Champawat,High-Hill,Mid-Hill,-1.0395667263617956,First Class,-1.1643449772487167,0.5632616978491042,0.3808761730199594,-0.4131323563352971,0,0,Moderate,0.14319367726818677,-0.9839122283269446,-1.3452009067705384,-0.8697790853300408,1
UKL10366,Almora,Champawat,Mid-Hill,Mid-Hill,-0.03163373868554584,Standard,-1.1643449772487167,-1.7039141333272028,-0.012811045243733922,0.6495515630271402,0,0,Good,0.09749144040295256,0.7474310986120957,0.08538941152809466,-0.8030119618784558,1
UKL10367,Udham Singh Nagar,Pauri Garhwal,Plain/Lower Hill,Mid-Hill,-0.22311184724120794,Second Class,1.5416360455736655,-0.4252269645437657,0.9598279645842143,-1.0843011475115736,0,0,Good,1.102940651438083,0.03452502281366723,-0.21755912646455727,0.14370429743504443,1
UKL10368,Nainital,Bageshwar,Mid-Hill,Mid-Hill,-0.6566105092504722,Standard,-0.3912075421566074,-1.359303406988404,-0.9298706830815135,-0.9724396823155275,0,1,Moderate,-0.33667980981676143,0.7474310986120957,0.6828712503469354,-1.4162184959337971,1
UKL10369,Dehradun,Udham Singh Nagar,Plain/Lower Hill,Plain/Lower Hill,-1.449738106110472,Second Class,-0.004638824610552831,-0.29373076633553963,0.9922492649118126,-0.3292362574382628,1,0,Good,0.16604479570080288,0.03452502281366723,-0.5709990874559842,-1.1838575001022904,1
UKL10370,Udham Singh Nagar,Almora,Plain/Lower Hill,Mid-Hill,-0.27268232204495757,First Class,-1.1643449772487167,-0.2257154914002504,0.8903537495965037,0.23007106854196724,0,0,Poor,0.2574492694312693,-0.9839122283269446,-0.9160238112809487,0.2688060888443286,1
UKL10371,Tehri Garhwal,Nainital,Mid-Hill,Mid-Hill,-0.4388892081516489,Second Class,-0.004638824610552831,0.8489258525773195,0.16319029939179944,-0.21737479224221667,0,0,Moderate,0.14319367726818677,0.03452502281366723,0.1358808345268696,-0.11191723987959487,1
UKL10372,Almora,Tehri Garhwal,Mid-Hill,Mid-Hill,-0.44472102871679564,First Class,0.3819298929355018,-0.6066010310378703,0.9042485925940457,0.23007106854196724,0,1,Moderate,0.417407098459586,-0.9839122283269446,-0.5289229016236708,-0.05574160642033007,1
UKL10373,Udham Singh Nagar,Almora,Plain/Lower Hill,Mid-Hill,0.27550881107886543,Standard,-1.1643449772487167,-0.3481429862837711,1.6684649574588621,-0.077547960747159,0,0,Moderate,-0.6337443494407778,0.7474310986120957,0.11905036019394488,-0.4315358186478272,1
UKL10374,Haridwar,Pithoragarh,Plain/Lower Hill,High-Hill,-0.03163373868554584,Standard,0.7684986104815564,-0.6111353827002226,0.9551963502517005,0.3419325337380134,0,0,Good,1.0572384145728488,0.7474310986120957,0.6576255388475476,-0.8173919463680286,1
UKL10375,Haridwar,Nainital,Plain/Lower Hill,Mid-Hill,-0.925846225341428,Standard,0.3819298929355018,-1.8082042215613132,-2.245249153515501,0.5097247315320826,0,1,Moderate,0.417407098459586,0.7474310986120957,0.6492103016810852,-0.8443595093484735,1
UKL10376,Champawat,Chamoli,Mid-Hill,High-Hill,0.4018649233237183,First Class,-0.004638824610552831,-0.7562346358955064,-1.8561935495843214,0.3139671674390018,0,1,Moderate,-2.710339737004811,-0.9839122283269446,-0.16706770346578156,0.8373654189320456,1
UKL10377,Almora,Uttarkashi,Mid-Hill,High-Hill,-0.661470359721428,Second Class,0.3819298929355018,0.5315212362126364,0.06592639840900487,0.9571705923162666,0,0,Moderate,0.7601738749488336,0.03452502281366723,0.3294312893555085,-0.3470483177090922,1
UKL10378,Haridwar,Nainital,Plain/Lower Hill,Mid-Hill,-0.1152231667859872,Standard,-1.9374824123408259,-1.4590591435601616,0.2789806577046504,-2.4546040961631377,0,0,Good,-1.4563846130149745,0.7474310986120957,-0.6551514591206093,-1.075498410180866,0
UKL10379,Chamoli,Pithoragarh,High-Hill,High-Hill,0.3542383887083509,Second Class,0.3819298929355018,-0.02166966659438274,0.8347743776063351,0.0902442370469102,1,1,Moderate,-0.7251488231712442,0.03452502281366723,0.6660407760140107,0.5399889691476845,1
UKL10380,Dehradun,Uttarkashi,Plain/Lower Hill,High-Hill,0.5758475701839392,Second Class,0.3819298929355018,1.8192771083207786,0.9459331215866723,0.9571705923162666,0,0,Good,-1.1136178365257259,0.03452502281366723,-0.29329626096272005,0.4301633652273229,1
UKL10381,Almora,Bageshwar,Mid-Hill,Mid-Hill,0.05098371932070412,Standard,1.92820476311972,-0.8061125041813852,-0.45281440683256763,-1.503781641996746,0,0,Good,0.3031515062965035,0.7474310986120957,0.12746559736040725,0.0873249814759275,1
UKL10382,Tehri Garhwal,Udham Singh Nagar,Mid-Hill,Plain/Lower Hill,0.24537773815893932,Standard,-0.004638824610552831,0.418162444653821,-0.031337502573790345,-2.4546040961631377,0,0,Good,0.16604479570080288,0.7474310986120957,-0.03242390880238071,-0.4257104991520511,1
UKL10383,Dehradun,Champawat,Plain/Lower Hill,Mid-Hill,-0.848088617806134,Standard,-0.004638824610552831,-1.137120175533126,0.9274066642566159,-0.4131323563352971,0,0,Moderate,0.14319367726818677,0.7474310986120957,0.8006845706774108,-0.7991827308812327,1
UKL10384,Pauri Garhwal,Bageshwar,Mid-Hill,Mid-Hill,-1.5790101286378981,Second Class,0.7684986104815564,0.5496586428620465,-0.1517594752191551,0.6495515630271402,0,1,Good,-0.8165532969017096,0.03452502281366723,-0.234389600797482,-1.2113139010823808,1
UKL10385,Haridwar,Uttarkashi,Plain/Lower Hill,High-Hill,-0.9054348533634133,Standard,2.7013421982118295,-0.6383414926743384,-0.28607629086206215,-1.9791928690799419,0,0,Moderate,0.04036364432141231,0.7474310986120957,0.8764217051755744,-0.4832711736103117,1
UKL10386,Pithoragarh,Dehradun,High-Hill,Plain/Lower Hill,-0.15021409017686976,Standard,-0.7777762597026621,-2.2162958711730485,0.20024321405191162,-1.2520933453056424,0,0,Moderate,0.006086966672486133,0.7474310986120957,0.3126008150225838,-0.78830608538912,1
UKL10387,Almora,Champawat,Mid-Hill,Mid-Hill,0.36201414946188043,First Class,1.155067328027611,-1.277685077066057,0.8255111489413068,0.5936208304291172,0,0,Poor,-0.679446586306011,-0.9839122283269446,-0.22597436363101964,1.3675102295476174,1
UKL10388,Pauri Garhwal,Uttarkashi,Mid-Hill,High-Hill,1.5147706811726147,First Class,-0.004638824610552831,-0.026204018256735743,0.4596136166726982,-0.44109772263430863,0,0,Good,-2.438982705617488,-0.9839122283269446,-0.9496847599467981,1.3562669555557703,1
UKL10389,Almora,Tehri Garhwal,Mid-Hill,Mid-Hill,0.45240736822165933,Standard,-0.3912075421566074,1.2524831505267018,-0.031337502573790345,-0.02161722814913594,0,0,Good,-0.7937021784690935,0.7474310986120957,0.8764217051755744,0.04389987250741633,1
UKL10390,Rudraprayag,Chamoli,High-Hill,High-Hill,-0.39223464363047233,First Class,-0.7777762597026621,-1.381975165300167,0.14929545639425745,0.2860018011399903,0,0,Poor,-1.0679155996604928,-0.9839122283269446,-1.1516504519418995,-0.048531245925557714,1
UKL10391,Almora,Pauri Garhwal,Mid-Hill,Mid-Hill,0.04515189875555684,Second Class,-1.5509136947947713,-1.9442347714318917,-0.9854500550716822,-0.6088899204283779,0,0,Moderate,0.12034255883557068,0.03452502281366723,0.47249032118537176,-0.25449498977620644,1
UKL10392,Rudraprayag,Pauri Garhwal,High-Hill,Mid-Hill,0.6788764001682035,Standard,-0.004638824610552831,1.1617961172796494,0.4688768453377264,-0.3292362574382628,1,0,Poor,-1.3421290208518921,0.7474310986120957,1.6758692359895158,0.43810698272156195,1
UKL10393,Tehri Garhwal,Uttarkashi,Mid-Hill,High-Hill,-0.8500325579945162,First Class,-0.7777762597026621,-0.5023109428037603,1.1728822238798597,0.3419325337380134,0,0,Good,0.7144716380836014,-0.9839122283269446,-1.7827932394265904,-0.7283826939325725,1
UKL10394,Chamoli,Pauri Garhwal,High-Hill,Mid-Hill,0.19386332316680688,First Class,-1.5509136947947713,-0.4796391844919972,0.7189840192934841,-0.21737479224221667,0,1,Moderate,0.5545138090552847,-0.9839122283269446,-0.6467362219541469,0.36624779677367025,1
UKL10395,Bageshwar,Udham Singh Nagar,Mid-Hill,Plain/Lower Hill,-0.37085130155826657,Standard,1.5416360455736655,1.0212312157467187,-0.7492377241134661,2.159681343173762,0,0,Moderate,0.12034255883557068,0.7474310986120957,0.17795702035918295,0.06805661698989963,1
UKL10396,Almora,Dehradun,Mid-Hill,Plain/Lower Hill,0.07236706139290988,Second Class,-1.1643449772487167,-1.7809981115871973,0.14929545639425745,-2.370707997266103,0,0,Good,0.16604479570080288,0.03452502281366723,-0.8402866767827851,-0.6070693970205414,1
UKL10397,Tehri Garhwal,Uttarkashi,Mid-Hill,High-Hill,0.9558878770126886,Standard,-1.1643449772487167,0.309338004757358,0.5337194459929225,-0.2453401585412282,0,1,Moderate,-0.245275336086295,0.7474310986120957,0.7670236220115606,-0.040139526931643084,1
UKL10398,Uttarkashi,Rudraprayag,High-Hill,High-Hill,2.0590739339196737,Standard,-1.1643449772487167,-1.0146926806496057,-0.9576603690765978,1.4605471856984742,0,1,Good,-0.7022977047386271,0.7474310986120957,1.187785480334688,1.3146749890859302,1
UKL10399,Uttarkashi,Udham Singh Nagar,High-Hill,Plain/Lower Hill,-0.11036331631503131,Standard,0.3819298929355018,0.08262042163972727,0.5568775176554928,-1.224127979006631,0,0,Moderate,-0.1767219807884467,0.7474310986120957,0.45565984685244704,-0.16471174384131082,1
UKL10400,Tehri Garhwal,Rudraprayag,Mid-Hill,High-Hill,1.1872167594301886,First Class,-0.7777762597026621,-0.2302498430626034,-0.03596911690630412,-0.077547960747159,0,0,Good,1.2400473620337817,-0.9839122283269446,-1.0085914201120363,0.964707717839705,1
UKL10401,Tehri Garhwal,Nainital,Mid-Hill,Mid-Hill,-0.2522709500669432,Standard,-1.1643449772487167,-0.2710590080237765,1.3766732545104778,-0.3851669900362859,0,0,Moderate,0.14319367726818677,0.7474310986120957,0.43041413535305917,-0.802115758879106,1
UKL10402,Udham Singh Nagar,Pauri Garhwal,Plain/Lower Hill,Mid-Hill,-0.7839385915895164,First Class,-0.004638824610552831,0.8806663142137872,0.9088802069265601,-0.8605782171194813,1,0,Good,0.6916205196509853,-0.9839122283269446,-0.7308885936187721,-0.47508313711624917,1
UKL10403,Rudraprayag,Tehri Garhwal,High-Hill,Mid-Hill,0.19483529326099772,Standard,-1.9374824123408259,0.5315212362126364,1.024670565239411,0.2021057022429557,0,0,Moderate,1.4685585463599489,0.7474310986120957,0.15271130885979511,-0.44917472313503676,1
UKL10404,Nainital,Tehri Garhwal,Mid-Hill,Mid-Hill,0.4757346504822479,Second Class,-0.7777762597026621,-0.16223456812731418,-1.314294672680179,0.7334476619241749,0,0,Moderate,0.2574492694312693,0.03452502281366723,0.14429607169333272,0.21625600388243518,1
UKL10405,Dehradun,Bageshwar,Plain/Lower Hill,Mid-Hill,-1.6383003043835598,Second Class,1.5416360455736655,0.7038265993820356,0.38550778735247315,-0.9724396823155275,0,0,Good,2.0626876256079796,0.03452502281366723,-0.4952619529578214,-1.350551257981415,1
UKL10406,Rudraprayag,Haridwar,High-Hill,Plain/Lower Hill,0.3765937008747481,Standard,-1.1643449772487167,0.6403456761090988,0.9922492649118126,0.006348138149875597,0,0,Moderate,-2.0276625738303893,0.7474310986120957,1.414996883829177,-0.34097857921349356,1
UKL10407,Chamoli,Rudraprayag,High-Hill,High-Hill,-0.7547794887637811,First Class,0.7684986104815564,0.06448301499031656,0.3762445586874456,1.5164779182964971,0,0,Moderate,0.645918282785751,-0.9839122283269446,-0.7140581192858474,0.18924770440201946,1
UKL10408,Almora,Chamoli,Mid-Hill,High-Hill,1.238731174422321,Standard,-0.3912075421566074,-0.09421929319202496,-0.7260796524508959,1.0969974238113243,1,0,Good,0.07464032197033646,0.7474310986120957,1.0110654998389745,0.4099987977419448,1
UKL10409,Pauri Garhwal,Haridwar,Mid-Hill,Plain/Lower Hill,0.05681553988585084,Standard,-0.004638824610552831,0.812651039278498,-1.4161901879954877,-1.503781641996746,0,0,Moderate,0.3945559800269679,0.7474310986120957,0.5398122185170722,-0.5701213915473335,1
UKL10410,Nainital,Rudraprayag,Mid-Hill,High-Hill,-0.8548924084654721,Second Class,1.5416360455736655,1.49280378863139,0.7977214629462229,-1.9232621364819187,0,0,Moderate,-0.7251488231712442,0.03452502281366723,-0.5457533759565963,-0.38737745267984797,1
UKL10411,Pithoragarh,Tehri Garhwal,High-Hill,Mid-Hill,0.019880676306586045,Same Day,-0.3912075421566074,1.0937808423443602,-0.31386597685714646,-1.3080240779036656,0,0,Good,-0.6108932310081607,-2.6134118301519234,-2.918850256899035,1.0558352682736245,1
UKL10412,Pithoragarh,Tehri Garhwal,High-Hill,Mid-Hill,0.002385214611145319,Same Day,-0.004638824610552831,-0.37534909625788654,-0.5686047651454186,-0.46906308893332016,0,0,Moderate,-1.4792357314475906,-2.6134118301519234,-2.60748648173992,0.983405771326146,1
UKL10413,Champawat,Bageshwar,Mid-Hill,Mid-Hill,-0.16868152196650188,Standard,0.3819298929355018,0.12342958660090106,0.552245903322979,0.9571705923162666,1,0,Good,-1.2050223102561923,0.7474310986120957,0.47249032118537176,-0.594237399529846,1
UKL10414,Uttarkashi,Pauri Garhwal,High-Hill,Mid-Hill,0.8509151068400415,First Class,-0.7777762597026621,0.5904678078232203,2.196468991365463,-0.5249938215313432,0,0,Good,-0.8394044153343267,-0.9839122283269446,-1.4714294642674766,1.0142025653038138,1
UKL10415,Almora,Tehri Garhwal,Mid-Hill,Mid-Hill,-1.5041684313851778,First Class,0.3819298929355018,0.626742621122041,1.4970952271558426,-1.0843011475115736,0,0,Poor,-0.9765111259300263,-0.9839122283269446,-1.4461837527680887,-0.05574160642033007,1
UKL10416,Chamoli,Nainital,High-Hill,Mid-Hill,2.165018674186512,Standard,1.155067328027611,-0.8741277791166745,2.06678379005507,-0.2453401585412282,0,0,Moderate,0.12034255883557068,0.7474310986120957,0.4640750840189094,1.584024726890615,1
UKL10417,Pithoragarh,Rudraprayag,High-Hill,High-Hill,-0.4962354437089281,Same Day,-0.004638824610552831,-0.044341424906145815,0.9042485925940457,1.4605471856984742,0,0,Moderate,1.3314518357642482,-2.6134118301519234,-1.664979919096115,0.7912517009654838,1
UKL10418,Tehri Garhwal,Uttarkashi,Mid-Hill,High-Hill,1.002542441533865,Standard,-0.004638824610552831,0.8489258525773195,-0.2999711338596045,-0.30127089113925126,0,1,Good,-0.3823820466819946,0.7474310986120957,0.5145665070176844,0.267298838345422,1
UKL10419,Chamoli,Dehradun,High-Hill,Plain/Lower Hill,-1.285475160192163,Standard,-1.1643449772487167,-0.13049410649084575,-0.865028082426317,1.236824255306382,1,0,Good,2.0626876256079796,0.7474310986120957,0.0769741743616323,-1.3759708339629824,1
UKL10420,Dehradun,Champawat,Plain/Lower Hill,Mid-Hill,-0.27171035195076676,Standard,0.3819298929355018,-1.137120175533126,-0.51302539315525,-0.5809245541293663,0,1,Moderate,-0.8394044153343267,0.7474310986120957,1.7768520819870663,-0.4266474386513718,1
UKL10421,Chamoli,Dehradun,High-Hill,Plain/Lower Hill,-0.28143005289267853,Second Class,-0.7777762597026621,-2.3976699376671533,-0.5778679938104468,-0.6368552867273893,0,0,Good,-2.187620402858705,0.03452502281366723,-0.29329626096272005,-0.49932135459867333,1
UKL10422,Udham Singh Nagar,Nainital,Plain/Lower Hill,Mid-Hill,0.13068526704438044,Standard,-0.3912075421566074,-2.0122500463671806,-0.05912718856887431,2.523231105060911,0,0,Good,0.09749144040295256,0.7474310986120957,0.11063512302748252,2.7297082361848366,1
UKL10423,Pauri Garhwal,Haridwar,Mid-Hill,Plain/Lower Hill,-1.3049145620759866,Standard,0.3819298929355018,1.8238114599831317,-1.0734507273894487,-0.944474316016516,0,1,Moderate,-0.2909775729515282,0.7474310986120957,0.29577034068965835,-1.3813480519590828,1
UKL10424,Bageshwar,Nainital,Mid-Hill,Mid-Hill,-0.19881259488642855,Second Class,-1.9374824123408259,1.0393686223961287,0.06592639840900487,-1.280058711604654,0,1,Poor,0.417407098459586,0.03452502281366723,-0.4784314786248959,-0.4279102701504563,1
UKL10425,Chamoli,Pithoragarh,High-Hill,High-Hill,-0.3261406772254723,Standard,-0.7777762597026621,-0.8469216691425587,-0.7862906387735785,1.0131013249142895,0,1,Poor,1.4685585463599489,0.7474310986120957,0.9942350255060497,-0.5857234710360201,1
UKL10426,Almora,Bageshwar,Mid-Hill,Mid-Hill,0.19386332316680688,Second Class,-1.1643449772487167,-2.3795325310177424,-0.9993448980692241,0.03431350444888713,0,0,Moderate,1.9712831518775131,0.03452502281366723,-0.3690333954608829,-0.15086133385135483,1
UKL10427,Pithoragarh,Rudraprayag,High-Hill,High-Hill,1.7470715336843061,Standard,-0.004638824610552831,0.06448301499031656,-0.7816590244410645,1.041066691213301,0,0,Poor,0.645918282785751,0.7474310986120957,0.7586083848450983,1.3719097715444268,1
UKL10428,Champawat,Nainital,Mid-Hill,Mid-Hill,0.9626916676720267,Same Day,-1.1643449772487167,0.6992922477196826,-0.1517594752191551,-0.10551332704617054,0,1,Moderate,-1.2507245471214257,-2.6134118301519234,-2.287707469414343,1.7871776522433007,1
UKL10429,Uttarkashi,Nainital,High-Hill,Mid-Hill,1.1804129687708504,Standard,-0.7777762597026621,-0.030738369919088102,0.18634837105436963,-0.4131323563352971,0,0,Good,0.16604479570080288,0.7474310986120957,0.5061512698512219,0.6613430025596859,1
UKL10430,Haridwar,Uttarkashi,Plain/Lower Hill,High-Hill,1.0161500228525415,Standard,0.7684986104815564,-1.5134713635083932,1.5248849131509272,-0.3292362574382628,0,0,Good,1.3543029541968663,0.7474310986120957,1.0278959741719,0.9512239363494819,1
UKL10431,Bageshwar,Champawat,Mid-Hill,Mid-Hill,0.4776785906706301,Standard,-0.3912075421566074,-0.9874865706754898,0.9690911932492425,0.3419325337380134,0,0,Moderate,-0.9079577706321761,0.7474310986120957,0.3546770008548964,0.04434797400709191,1
UKL10432,Haridwar,Almora,Plain/Lower Hill,Mid-Hill,0.1287413268559982,Standard,-1.5509136947947713,0.40909374132911563,0.34382325835984723,1.0690320575123127,0,0,Poor,-1.0907667180931089,0.7474310986120957,0.3799227123542835,-0.3693311831929342,1
UKL10433,Chamoli,Rudraprayag,High-Hill,High-Hill,2.7618083120198937,First Class,0.3819298929355018,-0.1214254031661404,-1.1799778570372719,-0.9724396823155275,0,1,Moderate,1.102940651438083,-0.9839122283269446,0.2705246291902705,2.7297082361848366,1
UKL10434,Udham Singh Nagar,Almora,Plain/Lower Hill,Mid-Hill,-1.0774735600352514,Second Class,0.7684986104815564,1.47466638198198,2.094573476050154,2.663057936555968,0,0,Moderate,0.04036364432141231,0.03452502281366723,0.17795702035918295,-0.52380399108092,1
UKL10435,Dehradun,Pauri Garhwal,Plain/Lower Hill,Mid-Hill,-0.9102947038343693,Second Class,-0.7777762597026621,-0.30279946966024496,0.7004575619634283,-0.4131323563352971,0,1,Good,2.0626876256079796,0.03452502281366723,-0.5962447989553713,-1.0067351982307284,1
UKL10436,Tehri Garhwal,Almora,Mid-Hill,Mid-Hill,0.03348825762526284,Standard,-1.5509136947947713,0.6630174344208618,0.3021387293672206,-1.6995392060898267,1,0,Moderate,1.5599630200904153,0.7474310986120957,0.6239645901816974,-0.6079248635199207,1
UKL10437,Tehri Garhwal,Bageshwar,Mid-Hill,Mid-Hill,-0.4204217763620162,Standard,1.155067328027611,-1.0282957356366633,-0.0035478165787057128,-0.5529591878303548,0,0,Moderate,-1.2507245471214257,0.7474310986120957,0.396753186687209,-0.5279591140779069,1
UKL10438,Champawat,Haridwar,Mid-Hill,Plain/Lower Hill,0.037376138002027326,First Class,0.7684986104815564,1.510941195280801,1.4924636128233288,-0.6088899204283779,0,0,Poor,2.0626876256079796,-0.9839122283269446,-0.6719819334535349,0.8130864649496511,1
UKL10439,Champawat,Bageshwar,Mid-Hill,Mid-Hill,-0.2862899033636344,Standard,-0.004638824610552831,-0.2710590080237765,0.436455545010128,0.3139671674390018,0,0,Moderate,-0.5880421125755446,0.7474310986120957,0.4219988981865968,-0.36990149419252055,1
UKL10440,Udham Singh Nagar,Uttarkashi,Plain/Lower Hill,High-Hill,1.4185456418476885,Standard,-0.004638824610552831,-0.5431201077649335,0.6448781899732597,-0.8885435834184928,1,0,Moderate,0.2117470325660371,0.7474310986120957,1.1120483458365251,1.0702967257631377,1
UKL10441,Udham Singh Nagar,Haridwar,Plain/Lower Hill,Plain/Lower Hill,-1.2893630405689278,Same Day,0.3819298929355018,-1.726585891638966,0.26045420037459466,0.25803643484097877,0,1,Good,-1.6163424420432904,-2.6134118301519234,-2.0773265402527796,0.2905186433285846,1
UKL10442,Chamoli,Udham Singh Nagar,High-Hill,Plain/Lower Hill,1.0103182022873947,Standard,-0.004638824610552831,0.028208201691495762,-1.3791372733353755,-0.077547960747159,0,0,Good,-0.6565954678733938,0.7474310986120957,1.0615569228377502,0.34881257478631333,1
UKL10443,Champawat,Almora,Mid-Hill,Mid-Hill,-0.10841937612664908,Standard,-0.004638824610552831,-0.4433643711931758,0.2743490433721366,0.39786326633603647,0,0,Moderate,0.02893808510510426,0.7474310986120957,0.9774045511731243,-0.3119334547345553,1
UKL10444,Pithoragarh,Haridwar,High-Hill,Plain/Lower Hill,-0.6643862700040016,Standard,-0.3912075421566074,0.10075782828913799,-0.5500783078153625,-1.1961626127076195,0,0,Good,0.417407098459586,0.7474310986120957,-0.14182199196639372,-1.0077128742300194,1
UKL10445,Dehradun,Rudraprayag,Plain/Lower Hill,High-Hill,-0.9413977468484868,Standard,-0.004638824610552831,0.7264983576937987,-0.5408150791503343,0.006348138149875597,0,1,Moderate,2.0626876256079796,0.7474310986120957,0.9437436025072748,-1.0895525026706747,1
UKL10446,Bageshwar,Udham Singh Nagar,Mid-Hill,Plain/Lower Hill,0.012104915553057078,Second Class,1.92820476311972,0.2866662464455949,-0.15639108955166886,0.006348138149875597,0,0,Moderate,0.623067164353135,0.03452502281366723,0.8006845706774108,0.9643818258399407,1
UKL10447,Almora,Pithoragarh,Mid-Hill,High-Hill,-0.3416921987325313,First Class,-0.7777762597026621,0.4771090162644049,-0.4250247208374833,1.740200848688589,0,0,Good,0.3717048615943518,-0.9839122283269446,-1.2273875864400627,0.03143450351645565,1
UKL10448,Pithoragarh,Uttarkashi,High-Hill,High-Hill,2.1611307938097473,Same Day,-1.5509136947947713,1.37037629374787,-0.1702859325492115,2.215612075771785,0,0,Moderate,1.4000051910620985,-2.6134118301519234,-1.092743791776662,2.7051746790776274,1
UKL10449,Champawat,Dehradun,Mid-Hill,Plain/Lower Hill,-0.4505528492819429,Second Class,-0.004638824610552831,0.5133838295632257,-0.17491754688172528,-0.10551332704617054,0,1,Moderate,-1.799151389504223,0.03452502281366723,0.32101605218904616,-0.26704183176710794,1
UKL10450,Rudraprayag,Pithoragarh,High-Hill,High-Hill,2.680162824107835,Second Class,0.3819298929355018,-0.2529216013743665,-0.15639108955166886,0.6775169293261518,0,0,Good,-0.6108932310081607,0.03452502281366723,1.4234121209956394,2.551190709189286,1
UKL10451,Almora,Bageshwar,Mid-Hill,Mid-Hill,-1.136763735780913,Standard,-0.3912075421566074,-0.6655476026484541,-0.3184975911896606,0.48175936523307106,0,0,Good,1.0800895330054672,0.7474310986120957,-0.015593434469455979,-1.254820483050833,1
UKL10452,Tehri Garhwal,Nainital,Mid-Hill,Mid-Hill,1.2591425464003354,Standard,0.3819298929355018,-1.549746176807214,0.7791950056161665,1.2647896216053933,0,0,Good,-0.15387086235582859,0.7474310986120957,1.2887683263322385,1.086306170251529,1
UKL10453,Champawat,Nainital,Mid-Hill,Mid-Hill,0.45823918878680664,Standard,-2.3240511298868807,-0.1350284581531981,-0.9993448980692241,-0.9724396823155275,0,0,Moderate,-1.0450644812278758,0.7474310986120957,0.7165321990127856,-0.427543641650722,1
UKL10454,Nainital,Dehradun,Mid-Hill,Plain/Lower Hill,0.2133027250506304,Standard,1.5416360455736655,0.7264983576937987,0.03813671241392024,-0.720751385624424,0,1,Moderate,0.04036364432141231,0.7474310986120957,0.3126008150225838,0.1714865904148991,1
UKL10455,Uttarkashi,Bageshwar,High-Hill,Mid-Hill,-0.3407202286383399,Standard,0.3819298929355018,0.5859334561608672,0.21876967138196804,0.5656554641301057,0,0,Poor,0.16604479570080288,0.7474310986120957,0.6576255388475476,-0.12185694587238652,1
UKL10456,Bageshwar,Champawat,Mid-Hill,Mid-Hill,-0.5438619783242957,Standard,0.7684986104815564,0.14610134491266413,0.8116163059437649,0.23007106854196724,0,0,Good,1.0115361777076168,0.7474310986120957,0.22003320619149552,-0.7410110089234153,1
UKL10457,Uttarkashi,Pauri Garhwal,High-Hill,Mid-Hill,-0.3970944941014282,Second Class,-0.3912075421566074,-0.2755933596861295,1.3813048688429916,0.0902442370469102,0,0,Moderate,1.285749598899016,0.03452502281366723,-0.007178197302993612,-0.27848878825880713,1
UKL10458,Chamoli,Pithoragarh,High-Hill,High-Hill,1.0521129163376153,First Class,-1.5509136947947713,0.7446357643432088,0.422560702012586,0.6775169293261518,1,0,Moderate,-0.1995730992210628,-0.9839122283269446,-0.18389817779870707,0.9311001053640752,1
UKL10459,Udham Singh Nagar,Uttarkashi,Plain/Lower Hill,High-Hill,0.9753272788965122,Standard,0.7684986104815564,0.3909563346797049,1.2284615958700285,0.39786326633603647,0,1,Good,-0.7479999416038603,0.7474310986120957,1.549640678492578,0.31936008530767035,1
UKL10460,Pauri Garhwal,Haridwar,Mid-Hill,Plain/Lower Hill,-0.7236764457496633,Second Class,0.3819298929355018,0.4000250380044103,0.03813671241392024,-0.8605782171194813,0,1,Moderate,-0.42808428354722783,0.03452502281366723,0.00965227702993187,-0.4141005966604702,1
UKL10461,Uttarkashi,Udham Singh Nagar,High-Hill,Plain/Lower Hill,-1.3136622929237072,Standard,0.3819298929355018,0.5632616978491042,0.13540061339671547,-0.30127089113925126,0,0,Good,-0.7022977047386271,0.7474310986120957,0.15271130885979511,-1.504616700869696,1
UKL10462,Haridwar,Nainital,Plain/Lower Hill,Mid-Hill,-0.4136179857026781,Standard,-0.7777762597026621,-0.9557461090390215,-1.5319805463083387,-0.6648206530264009,0,0,Moderate,0.5088115721900525,0.7474310986120957,0.8932521795084991,-0.9412716427781987,1
UKL10463,Haridwar,Almora,Plain/Lower Hill,Mid-Hill,-1.284503190097972,Standard,-0.3912075421566074,-0.2710590080237765,0.580035589318063,1.0690320575123127,0,0,Moderate,0.04036364432141231,0.7474310986120957,0.7586083848450983,-1.5901226143076925,1
UKL10464,Rudraprayag,Haridwar,High-Hill,Plain/Lower Hill,1.7256881916120999,Same Day,-0.004638824610552831,0.5451242911996941,0.8486692206038771,-0.6368552867273893,0,0,Moderate,-0.03961527019274606,-2.6134118301519234,-1.6313189704302649,2.221143586428616,1
UKL10465,Pauri Garhwal,Haridwar,Mid-Hill,Plain/Lower Hill,0.2619012297601892,Second Class,-0.7777762597026621,1.1255213039808287,-0.05449557423636054,-2.4546040961631377,0,0,Good,-1.1593200733909592,0.03452502281366723,-0.7813800166175479,-0.20667033881088584,1
UKL10466,Nainital,Dehradun,Mid-Hill,Plain/Lower Hill,0.7265029347835714,Standard,-0.004638824610552831,2.1729565379842826,-0.26754983353200606,-1.6995392060898267,0,1,Good,-0.3138286913841453,0.7474310986120957,0.32101605218904616,0.32608160780279577,1
UKL10467,Udham Singh Nagar,Bageshwar,Plain/Lower Hill,Mid-Hill,0.5078096635905568,Standard,-0.004638824610552831,-0.3390742829590658,-1.2077675430323558,1.1249627901103356,0,0,Good,1.4685585463599489,0.7474310986120957,0.5398122185170722,0.19067348190098612,1
UKL10468,Pauri Garhwal,Dehradun,Mid-Hill,Plain/Lower Hill,-1.0074917132534869,Second Class,-1.5509136947947713,0.34107846639382644,2.1501528480403223,0.36989790003702494,0,1,Good,0.623067164353135,0.03452502281366723,-0.007178197302993612,-0.9728016937553351,1
UKL10469,Dehradun,Chamoli,Plain/Lower Hill,High-Hill,0.060703420262615874,First Class,0.3819298929355018,-0.5113796461284653,0.9690911932492425,0.006348138149875597,0,0,Moderate,-1.4106823761497413,-0.9839122283269446,-0.2512200751304075,0.27605718583907046,1
UKL10470,Pauri Garhwal,Almora,Mid-Hill,Mid-Hill,1.743183653307541,Standard,2.314773480665775,1.261551853851407,-2.2498807678480146,-1.000405048614539,0,0,Moderate,0.04036364432141231,0.7474310986120957,1.0699721600042125,1.4638113154777863,1
UKL10471,Chamoli,Dehradun,High-Hill,Plain/Lower Hill,-1.0220712646663546,Second Class,-0.3912075421566074,0.9169411275126086,1.8907824454195359,-1.056335781212562,0,1,Good,1.308600717331632,0.03452502281366723,-0.19231341496516943,-1.1735511656097641,1
UKL10472,Almora,Pithoragarh,Mid-Hill,High-Hill,1.0803000490691592,Standard,0.3819298929355018,1.4610633269949225,-0.43428794950251154,1.6283393834925428,0,0,Moderate,0.4402582168922021,0.7474310986120957,0.9437436025072748,0.7783382304748484,1
UKL10473,Almora,Rudraprayag,Mid-Hill,High-Hill,1.2154038921617325,First Class,-0.004638824610552831,-1.0872423072472472,-1.3559792016728052,0.9012398597182435,0,1,Good,-0.35953092824937855,-0.9839122283269446,-0.21755912646455727,1.6829329488188929,1
UKL10474,Uttarkashi,Bageshwar,High-Hill,Mid-Hill,0.17150801100040972,Same Day,-0.7777762597026621,-0.6564788993237488,-0.9947132837367103,1.404616453100451,0,0,Good,-0.45093540197984494,-2.6134118301519234,-2.3971055525783567,0.8292995919378945,1
UKL10475,Chamoli,Tehri Garhwal,High-Hill,Mid-Hill,2.8065189363526892,Standard,-0.7777762597026621,-1.1461888788578314,-0.008179430911220148,0.006348138149875597,0,0,Good,0.6687694012183671,0.7474310986120957,0.45565984685244704,-0.9939032007400335,1
UKL10476,Chamoli,Champawat,High-Hill,Mid-Hill,0.9218689237159975,Second Class,0.7684986104815564,0.839857149252614,0.6217201183106895,1.4605471856984742,0,1,Good,-0.7251488231712442,0.03452502281366723,0.5482274556835346,0.7681948419822038,1
UKL10477,Bageshwar,Udham Singh Nagar,Mid-Hill,Plain/Lower Hill,-0.19200880422708988,First Class,-1.5509136947947713,0.8353227975902611,0.2743490433721366,-0.6648206530264009,0,0,Moderate,-1.1593200733909592,-0.9839122283269446,-1.3788618554363883,-0.05574160642033007,1
UKL10478,Haridwar,Rudraprayag,Plain/Lower Hill,High-Hill,-1.6071972613694423,Second Class,0.3819298929355018,-0.3708147445955342,0.47814007400275393,0.7334476619241749,0,1,Good,0.16604479570080288,0.03452502281366723,-0.30171149812918246,-1.3941393129498074,1
UKL10479,Pauri Garhwal,Udham Singh Nagar,Mid-Hill,Plain/Lower Hill,-0.04426934991003124,Second Class,2.314773480665775,0.5315212362126364,-0.15639108955166886,-1.0843011475115736,0,0,Good,-1.136468954958342,0.03452502281366723,-0.17548294063224396,0.11025963095929717,1
UKL10480,Udham Singh Nagar,Almora,Plain/Lower Hill,Mid-Hill,-0.300869454776502,Standard,-1.5509136947947713,-1.3547690553260516,0.2558225860420802,1.236824255306382,0,0,Good,0.05178920353772036,0.7474310986120957,0.44724460968598395,-1.322076444502063,1
UKL10481,Haridwar,Almora,Plain/Lower Hill,Mid-Hill,-0.8704439299725308,Second Class,-1.5509136947947713,0.06901736665266955,-1.6477709046211895,-1.0283704149135506,0,0,Poor,-1.0907667180931089,0.03452502281366723,-0.14182199196639372,-0.816210587868885,1
UKL10482,Tehri Garhwal,Chamoli,Mid-Hill,High-Hill,-0.20950426592253116,Standard,1.92820476311972,-0.2302498430626034,-1.1660830140397296,-2.0910543342759875,0,1,Good,0.09749144040295256,0.7474310986120957,0.3041855778561207,-0.6416139489954914,1
UKL10483,Dehradun,Nainital,Plain/Lower Hill,Mid-Hill,-1.0619220385281927,Standard,2.7013421982118295,1.343170183773754,-0.5871312224754747,-1.3919201768007001,0,1,Good,0.46310933532481824,0.7474310986120957,0.7838540963444861,-0.9882815637441099,1
UKL10484,Champawat,Haridwar,Mid-Hill,Plain/Lower Hill,-0.5506657689836342,First Class,-0.3912075421566074,-0.1395628098155511,0.2743490433721366,1.292754987904405,0,1,Good,-0.9308088890647932,-0.9839122283269446,0.29577034068965835,-0.09937039788869242,1
UKL10485,Dehradun,Pithoragarh,Plain/Lower Hill,High-Hill,0.443659637373939,Second Class,-0.3912075421566074,0.49524642291381493,-0.7723957957760362,0.8732744934192319,0,0,Good,-0.15387086235582859,0.03452502281366723,0.22003320619149552,0.531515777153828,1
UKL10486,Udham Singh Nagar,Bageshwar,Plain/Lower Hill,Mid-Hill,-1.30783047235856,Second Class,-0.7777762597026621,0.05087996000325883,-0.4250247208374833,-0.3292362574382628,0,1,Good,0.2574492694312693,0.03452502281366723,-0.31012673529564483,-1.1051545821593611,1
UKL10487,Uttarkashi,Haridwar,High-Hill,Plain/Lower Hill,-0.47193619135414866,Standard,-0.3912075421566074,-1.377440813637815,0.6819311046333719,0.0902442370469102,0,0,Moderate,1.7199208491187299,0.7474310986120957,0.38833794952074663,-0.8437077253489458,1
UKL10488,Champawat,Almora,Mid-Hill,Mid-Hill,-1.533327534210913,Second Class,-0.3912075421566074,-0.24385289804966112,-1.8654567782493496,-2.1469850668740107,0,1,Good,-0.06246638862536216,0.03452502281366723,-1.5471665987656393,-1.409334027438789,0
UKL10489,Pithoragarh,Uttarkashi,High-Hill,High-Hill,2.173766405034232,Standard,-0.3912075421566074,-0.7290285259213907,1.0200389509068966,2.047819877977716,0,0,Poor,1.4228563094947146,0.7474310986120957,1.2551073776663884,2.1181209780033217,1
UKL10490,Tehri Garhwal,Nainital,Mid-Hill,Mid-Hill,-1.1639788984182662,Standard,-0.3912075421566074,0.309338004757358,-0.8001854817711206,0.5097247315320826,0,0,Moderate,1.2400473620337817,0.7474310986120957,0.04331322569578209,-1.3270055609984883,1
UKL10491,Almora,Pithoragarh,Mid-Hill,High-Hill,-0.4145899557968695,Standard,-0.004638824610552831,-0.6972880642849226,-0.6797635091257554,0.7614130282231864,0,1,Moderate,0.8972805855445343,0.7474310986120957,-0.124991517633469,-0.7075256059476968,1
UKL10492,Almora,Chamoli,Mid-Hill,High-Hill,-0.7897704121546634,Standard,1.92820476311972,-0.9829522190131372,0.4179290876800716,-1.168197246408608,1,0,Moderate,-1.959109218532539,0.7474310986120957,0.6744560131804731,-0.4746350356165745,1
UKL10493,Dehradun,Champawat,Plain/Lower Hill,Mid-Hill,-0.7236764457496633,First Class,-1.5509136947947713,-1.173394988831947,0.14003222772922924,-0.21737479224221667,0,0,Moderate,0.8972805855445343,-0.9839122283269446,-1.64814944476319,-0.388884703178755,1
UKL10494,Uttarkashi,Rudraprayag,High-Hill,High-Hill,-0.9579212384497366,Standard,0.7684986104815564,-0.49777659114140727,-1.2540836863574962,2.6910233028549806,0,0,Moderate,-0.08531750705798029,0.7474310986120957,0.5061512698512219,-0.9372794657810936,1
UKL10495,Pithoragarh,Champawat,High-Hill,Mid-Hill,1.6790336270909239,Second Class,1.92820476311972,0.26399448813383186,-0.46207763549759584,0.3139671674390018,0,1,Good,2.0626876256079796,0.03452502281366723,0.3294312893555085,1.7926770797393135,1
UKL10496,Champawat,Tehri Garhwal,Mid-Hill,Mid-Hill,0.13748905770371855,Same Day,-0.004638824610552831,-0.5975323277131649,0.8579324492689053,-0.077547960747159,0,0,Good,-0.1995730992210628,-2.6134118301519234,-2.7252998020703956,1.2472560816348182,1
UKL10497,Pithoragarh,Bageshwar,High-Hill,Mid-Hill,-0.28434596317525157,First Class,0.3819298929355018,-1.5814866384436825,2.108468319047696,0.25803643484097877,0,1,Good,0.417407098459586,-0.9839122283269446,-1.0001761829455738,0.006381556034623037,1
UKL10498,Dehradun,Chamoli,Plain/Lower Hill,High-Hill,0.87424238910063,First Class,1.5416360455736655,1.6923152617749055,0.11224254173414526,1.2647896216053933,0,1,Good,-1.0450644812278758,-0.9839122283269446,-0.9244390484474111,1.2631840531232685,1
UKL10499,Pauri Garhwal,Almora,Mid-Hill,Mid-Hill,1.674173776619968,Second Class,-1.5509136947947713,-0.7698376908825642,-0.13323301788909866,0.0902442370469102,0,1,Poor,-0.7937021784690935,0.03452502281366723,0.3715074751878211,1.2222846071529254,1
UKL10500,Uttarkashi,Nainital,High-Hill,Mid-Hill,-0.7839385915895164,Second Class,-2.3240511298868807,-0.6020666793755176,1.024670565239411,0.0902442370469102,1,0,Moderate,-0.5423398757103114,0.03452502281366723,0.4640750840189094,-0.848921997345165,1
UKL10501,Tehri Garhwal,Pauri Garhwal,Mid-Hill,Mid-Hill,-1.096912961919075,Second Class,-0.004638824610552831,-0.09875364485437732,-0.42965633516999746,-1.280058711604654,0,1,Poor,0.5316626906226686,0.03452502281366723,0.3378465265219709,-1.177421133106958,1
UKL10502,Uttarkashi,Almora,High-Hill,Mid-Hill,0.4611550990693803,Standard,-1.1643449772487167,0.42269679631617335,-0.5222886218202782,0.006348138149875597,1,1,Good,-0.9079577706321761,0.7474310986120957,0.8006845706774108,-0.06755519141176304,1
UKL10503,Bageshwar,Tehri Garhwal,Mid-Hill,Mid-Hill,-0.9170984944937074,Same Day,2.7013421982118295,-2.2525706844718694,0.6402465756407453,-0.4131323563352971,0,0,Moderate,0.5316626906226686,-2.6134118301519234,-2.9020197825661094,0.7326318775079917,1
UKL10504,Champawat,Chamoli,Mid-Hill,High-Hill,1.7324919822714386,Second Class,-1.1643449772487167,0.712895302706741,-1.193872700034814,0.7334476619241749,0,0,Moderate,0.3031515062965035,0.03452502281366723,0.3041855778561207,1.6062668558744866,1
UKL10505,Nainital,Chamoli,Mid-Hill,High-Hill,0.631249865552836,Standard,-1.1643449772487167,-0.6292727893496334,0.08445285573906064,2.6350925702569574,0,1,Poor,1.742771967551348,0.7474310986120957,1.4318273581621017,0.5243868896589975,1
UKL10506,Udham Singh Nagar,Chamoli,Plain/Lower Hill,High-Hill,-1.2329887751058395,Standard,-0.3912075421566074,-1.0464331422860738,-1.314294672680179,0.9012398597182435,0,0,Good,-0.03961527019274606,0.7474310986120957,0.6407950645146229,-1.1895198735981845,1
UKL10507,Almora,Udham Singh Nagar,Mid-Hill,Plain/Lower Hill,-0.7100688644309868,Second Class,-0.004638824610552831,-0.42976131620611807,-1.3930321163329173,0.23007106854196724,0,0,Moderate,0.8972805855445343,0.03452502281366723,-0.09974580613408114,-0.20988852230855207,1
UKL10508,Pithoragarh,Uttarkashi,High-Hill,High-Hill,0.14429284836305667,Same Day,3.087910915757884,0.3637502247055895,-2.4444085698136044,0.6775169293261518,0,0,Moderate,0.2803003878638854,-2.6134118301519234,-1.622903733263802,2.0625971285435845,1
UKL10509,Champawat,Nainital,Mid-Hill,Mid-Hill,-1.3758683789519424,Second Class,0.3819298929355018,-0.4478987228555288,-0.42039310650496925,-1.4198855430997117,1,0,Moderate,0.3717048615943518,0.03452502281366723,0.5061512698512219,2.7297082361848366,1
UKL10510,Almora,Nainital,Mid-Hill,Mid-Hill,-0.3766831221234133,Standard,0.7684986104815564,-0.6972880642849226,0.362349715689903,-2.4546040961631377,0,1,Good,-0.42808428354722783,0.7474310986120957,-0.03242390880238071,-0.6746919869715053,1
UKL10511,Nainital,Pithoragarh,Mid-Hill,High-Hill,1.2416470847048946,Second Class,-0.7777762597026621,-0.14863151314025583,0.4920349170002966,1.0690320575123127,0,0,Moderate,0.14319367726818677,0.03452502281366723,0.001237039863469503,1.267868750619871,1
UKL10512,Almora,Haridwar,Mid-Hill,Plain/Lower Hill,-0.9841644309928985,Standard,-0.3912075421566074,-0.06701318321790889,1.117302851889692,-0.3572016237372743,1,1,Moderate,-2.0276625738303893,0.7474310986120957,0.6239645901816974,-1.2241051620731054,1
UKL10513,Haridwar,Nainital,Plain/Lower Hill,Mid-Hill,-0.5234506063462812,First Class,-1.1643449772487167,1.1028495456690657,0.06592639840900487,0.2021057022429557,0,1,Good,1.4000051910620985,-0.9839122283269446,-1.496675175766864,-0.49117405460458124,1
UKL10514,Tehri Garhwal,Uttarkashi,Mid-Hill,High-Hill,-1.146483436722825,Second Class,-1.1643449772487167,1.637903041826674,0.5105613743303523,-1.3639548105016885,1,0,Good,0.04036364432141231,0.03452502281366723,0.2621093920238081,-1.4836374033849091,1
UKL10515,Pauri Garhwal,Bageshwar,Mid-Hill,Mid-Hill,-0.688685522358781,First Class,-0.004638824610552831,1.6242999868396162,-0.0730220315664163,1.8240969475856235,0,1,Good,0.7144716380836014,-0.9839122283269446,0.026482751362856605,-0.273152306762677,1
UKL10516,Chamoli,Dehradun,High-Hill,Plain/Lower Hill,0.6205581945167329,First Class,-0.7777762597026621,-0.3572116896084765,-2.0599845802149392,0.006348138149875597,0,0,Good,1.6970697306861138,-0.9839122283269446,-1.5050904129333267,0.5492361546409789,1
UKL10517,Nainital,Almora,Mid-Hill,Mid-Hill,-0.6750779410401045,Second Class,0.7684986104815564,0.7673075226549718,1.117302851889692,-0.077547960747159,0,1,Moderate,0.34885374316173573,0.03452502281366723,-0.25963531229686987,-0.3738121981896849,1
UKL10518,Pithoragarh,Nainital,High-Hill,Mid-Hill,0.5680718094304096,Standard,-1.1643449772487167,0.07355171831502191,0.21876967138196804,0.0902442370469102,0,0,Good,-0.6337443494407778,0.7474310986120957,0.23686368052442028,-0.25368025977679703,1
UKL10519,Udham Singh Nagar,Almora,Plain/Lower Hill,Mid-Hill,-1.2592319676490011,First Class,1.5416360455736655,0.8035823359537932,0.10297931306911705,-0.944474316016516,0,1,Moderate,1.0115361777076168,-0.9839122283269446,-1.0506676059443487,-0.37910794318584456,1
UKL10520,Haridwar,Nainital,Plain/Lower Hill,Mid-Hill,-1.25825999755481,Second Class,-0.7777762597026621,-2.1210744862636437,0.6078252753131476,-0.6368552867273893,0,0,Good,0.3031515062965035,0.03452502281366723,-1.0422523687778864,-1.5047796468695782,1
UKL10521,Tehri Garhwal,Uttarkashi,Mid-Hill,High-Hill,1.571144946635703,Standard,0.7684986104815564,0.6086052144726303,0.3577181013573892,-0.720751385624424,0,0,Poor,-0.8165532969017096,0.7474310986120957,1.086802634337138,1.3633551065506304,1
UKL10522,Bageshwar,Udham Singh Nagar,Mid-Hill,Plain/Lower Hill,-1.7568806558748835,Standard,-0.004638824610552831,2.0550633947631147,0.3669813300224174,1.3766510868014394,0,0,Poor,0.3945559800269679,0.7474310986120957,0.7081169618463233,2.7297082361848366,1
UKL10523,Udham Singh Nagar,Uttarkashi,Plain/Lower Hill,High-Hill,-0.7353400868799576,Standard,0.3819298929355018,1.030299919071424,-0.6102892941380449,-0.5529591878303548,1,0,Moderate,-0.9765111259300263,0.7474310986120957,1.2382769033334637,-0.866642374832315,1
UKL10524,Champawat,Tehri Garhwal,Mid-Hill,Mid-Hill,-0.6760499111342956,Standard,-0.7777762597026621,-0.8061125041813852,-1.2957682153501229,-0.7766821182224467,0,0,Poor,0.9658339408423825,0.7474310986120957,0.3378465265219709,-1.0337027612111733,1
UKL10525,Tehri Garhwal,Udham Singh Nagar,Mid-Hill,Plain/Lower Hill,-0.987080341275472,Same Day,0.3819298929355018,-0.8741277791166745,-0.9669235977416261,-0.3292362574382628,0,0,Moderate,-0.245275336086295,-2.6134118301519234,-2.57382553307407,0.701264772530737,1
UKL10526,Udham Singh Nagar,Rudraprayag,Plain/Lower Hill,High-Hill,-1.0385947562676043,Standard,1.5416360455736655,0.418162444653821,-0.9067126114189433,-0.944474316016516,0,0,Moderate,0.04036364432141231,0.7474310986120957,0.2452789176908834,-1.0343138087107304,1
UKL10527,Haridwar,Dehradun,Plain/Lower Hill,Plain/Lower Hill,-1.4458502257337071,First Class,-1.1643449772487167,1.0076281607596609,1.1867770668774025,-0.4131323563352971,0,1,Poor,-1.5934913236106742,-0.9839122283269446,-0.5205076644572084,-0.7591387514102699,1
UKL10528,Dehradun,Tehri Garhwal,Plain/Lower Hill,Mid-Hill,-0.09675573499635508,First Class,0.7684986104815564,1.5653534152290325,-1.5597702323034228,-0.6368552867273893,1,0,Moderate,0.2574492694312693,-0.9839122283269446,-0.8066257281169349,0.4617748892044002,1
UKL10529,Almora,Udham Singh Nagar,Mid-Hill,Plain/Lower Hill,-0.5526097091720164,First Class,3.087910915757884,-0.20757808475084033,-1.1799778570372719,-1.2520933453056424,0,0,Good,0.04036364432141231,-0.9839122283269446,-1.5808275474314895,0.6665572745559047,1
UKL10530,Rudraprayag,Chamoli,High-Hill,High-Hill,-0.1599337911187815,Second Class,-0.7777762597026621,0.2866662464455949,-0.9947132837367103,1.0690320575123127,0,0,Moderate,-1.7077469157737568,0.03452502281366723,-0.124991517633469,-0.17416261183445833,1
UKL10531,Nainital,Uttarkashi,Mid-Hill,High-Hill,0.16178831005849795,Standard,0.7684986104815564,0.6902235443949779,0.348454872692361,-1.3359894442026772,0,1,Poor,0.04036364432141231,0.7474310986120957,1.1036331086700628,0.03677098501258575,1
UKL10532,Pithoragarh,Almora,High-Hill,Mid-Hill,0.7002597422404092,Standard,-0.7777762597026621,0.5995365111479256,-0.03596911690630412,0.06227887074789867,0,0,Good,0.8058761118140678,0.7474310986120957,0.3126008150225838,0.5032039096743578,1
UKL10533,Tehri Garhwal,Udham Singh Nagar,Mid-Hill,Plain/Lower Hill,0.8441113161807033,Standard,0.7684986104815564,1.6832465584502,-0.1193381748915567,0.985135958615278,0,1,Moderate,-0.33667980981676143,0.7474310986120957,1.196200717501151,0.6298129515825496,1
UKL10534,Rudraprayag,Pithoragarh,High-Hill,High-Hill,-1.2222971040697366,Standard,0.3819298929355018,0.14156699325031114,-0.0035478165787057128,-0.8885435834184928,1,0,Good,0.6002160459205189,0.7474310986120957,0.9605740768401996,-1.3479848584832759,1
UKL10535,Dehradun,Nainital,Plain/Lower Hill,Mid-Hill,-1.1882781507730455,First Class,1.155067328027611,0.01007079504208569,1.0293021795719248,-2.0910543342759875,0,0,Poor,-0.08531750705798029,-0.9839122283269446,-1.774378002260128,-0.10425877788514787,1
UKL10536,Almora,Chamoli,Mid-Hill,High-Hill,2.3555248126479826,Second Class,3.087910915757884,-0.29373076633553963,0.422560702012586,-0.44109772263430863,0,1,Moderate,-0.06246638862536216,0.03452502281366723,1.473903543994415,2.7297082361848366,1
UKL10537,Uttarkashi,Champawat,High-Hill,Mid-Hill,-0.6954893130181191,Second Class,-1.1643449772487167,-2.715074554031837,-0.628815751468101,-0.10551332704617054,0,0,Moderate,0.04036364432141231,0.03452502281366723,-0.5709990874559842,-0.5843384300370242,1
UKL10538,Tehri Garhwal,Chamoli,Mid-Hill,High-Hill,0.5709877197129832,First Class,1.92820476311972,1.111918248993771,-0.008179430911220148,-0.9724396823155275,0,0,Good,-1.2278734286888084,-0.9839122283269446,-1.3620313811034632,1.3885302635323753,1
UKL10539,Bageshwar,Nainital,Mid-Hill,Mid-Hill,0.16956407081202748,Standard,-0.3912075421566074,1.4655976786572746,0.8394059919388496,0.5376900978310941,0,0,Moderate,0.34885374316173573,0.7474310986120957,1.2298616661670012,-0.07863551940372839,1
UKL10540,Udham Singh Nagar,Almora,Plain/Lower Hill,Mid-Hill,0.9481121162591591,Second Class,1.5416360455736655,0.7627731709926194,-0.9669235977416261,1.3207203542034165,0,0,Good,-0.5423398757103114,0.03452502281366723,-0.05766962030176856,0.8353285939335227,1
UKL10541,Bageshwar,Pauri Garhwal,Mid-Hill,Mid-Hill,0.5826513608432773,Standard,-0.3912075421566074,-0.7653033392202118,-1.9534574505671163,-0.6088899204283779,0,0,Good,0.417407098459586,0.7474310986120957,0.9858197883395874,-0.23974837678689925,1
UKL10542,Udham Singh Nagar,Pithoragarh,Plain/Lower Hill,High-Hill,1.1901326697127623,First Class,1.155067328027611,-0.7426315809084487,0.014978640751350048,-0.3851669900362859,0,1,Poor,0.04036364432141231,-0.9839122283269446,0.12746559736040725,1.671323046327311,1
UKL10543,Tehri Garhwal,Almora,Mid-Hill,Mid-Hill,-0.11911104716275167,Second Class,-1.1643449772487167,-0.16223456812731418,1.038565408236953,0.006348138149875597,0,0,Good,-0.7022977047386271,0.03452502281366723,-0.37744863262734524,-0.8221988533645428,1
UKL10544,Pauri Garhwal,Uttarkashi,Mid-Hill,High-Hill,0.9928227405919534,First Class,-0.004638824610552831,-0.40255520623200264,1.066355094232037,-0.6648206530264009,0,0,Moderate,0.3945559800269679,-0.9839122283269446,-0.5457533759565963,1.288603629104836,1
UKL10545,Pauri Garhwal,Dehradun,Mid-Hill,Plain/Lower Hill,0.40283689341790974,Second Class,-0.3912075421566074,-1.644967561716619,-0.008179430911220148,-0.944474316016516,1,1,Moderate,-0.1995730992210628,0.03452502281366723,0.18637225752564532,0.36714399977302054,1
UKL10546,Nainital,Rudraprayag,Mid-Hill,High-Hill,1.5905843485195266,Second Class,-1.1643449772487167,1.111918248993771,-0.6102892941380449,0.006348138149875597,0,0,Good,0.3945559800269679,0.03452502281366723,-0.4026943441267331,0.7747941549774179,1
UKL10547,Dehradun,Tehri Garhwal,Plain/Lower Hill,Mid-Hill,-1.1600910180415014,Standard,-0.004638824610552831,1.0756434356949502,-0.735342881115924,0.9012398597182435,0,0,Good,1.2400473620337817,0.7474310986120957,0.018067514196394237,-1.5178560633600957,1
UKL10548,Pauri Garhwal,Champawat,Mid-Hill,Mid-Hill,-0.4748521016367223,Standard,1.92820476311972,-0.9920209223378426,1.024670565239411,0.7334476619241749,0,0,Moderate,2.0169853887427474,0.7474310986120957,0.7754388591780237,-0.16528205484089767,1
UKL10549,Pauri Garhwal,Uttarkashi,Mid-Hill,High-Hill,1.4681161166514383,Standard,1.155067328027611,1.1073838973314178,1.1080396232246637,-0.30127089113925126,0,1,Good,2.0626876256079796,0.7474310986120957,1.0615569228377502,0.9698812533359534,1
UKL10550,Champawat,Nainital,Mid-Hill,Mid-Hill,-0.47776801191929597,Standard,1.5416360455736655,-0.5929979760508123,0.8394059919388496,-0.5249938215313432,0,0,Moderate,1.285749598899016,0.7474310986120957,1.086802634337138,-0.4268103846512539,1
UKL10551,Pithoragarh,Rudraprayag,High-Hill,High-Hill,-0.8762757505376781,Standard,-0.3912075421566074,1.4157198103713962,-2.009036822557285,1.292754987904405,0,1,Moderate,-0.245275336086295,0.7474310986120957,0.7754388591780237,-1.1912715430969145,1
UKL10552,Uttarkashi,Chamoli,High-Hill,High-Hill,-0.40681419504334,Standard,-0.004638824610552831,-0.6746163059731595,-0.5269202361527924,1.7961315812866119,0,0,Moderate,-1.6848957973411407,0.7474310986120957,-0.05766962030176856,-0.7223536919369442,1
UKL10553,Haridwar,Nainital,Plain/Lower Hill,Mid-Hill,-2.0338921327193686,Standard,1.5416360455736655,2.259109219568982,0.9783544219142707,0.06227887074789867,0,0,Good,-0.49663763884507817,0.7474310986120957,0.5313969813506099,-1.8704712071044016,1
UKL10554,Pithoragarh,Pauri Garhwal,High-Hill,Mid-Hill,0.80814842269563,Standard,1.5416360455736655,-2.2072271678483433,1.385936483175506,-1.9232621364819187,0,0,Good,-2.710339737004811,0.7474310986120957,0.8427607565097242,0.34257989029083297,1
UKL10555,Rudraprayag,Champawat,High-Hill,Mid-Hill,0.43685584671460087,Second Class,0.3819298929355018,1.6016282285278531,1.3025674251902535,0.7334476619241749,0,0,Good,0.6687694012183671,0.03452502281366723,-0.3185419724621072,0.2353614223685804,1
UKL10556,Nainital,Pithoragarh,Mid-Hill,High-Hill,0.8693825386296742,Second Class,0.7684986104815564,0.05994866332796419,-0.2073388472093237,-1.8393660375848844,0,0,Moderate,0.645918282785751,0.03452502281366723,0.11063512302748252,0.753488965492867,1
UKL10557,Pauri Garhwal,Almora,Mid-Hill,Mid-Hill,1.160973566887027,Standard,-0.004638824610552831,-0.6383414926743384,-0.8048170961036347,1.4325818193994626,0,1,Moderate,1.1257917698706992,0.7474310986120957,1.549640678492578,0.8954964043898926,1
UKL10558,Tehri Garhwal,Champawat,Mid-Hill,Mid-Hill,-0.5856566923745165,Standard,1.155067328027611,0.8852006658761402,-1.7774561059315828,-0.077547960747159,0,0,Good,1.742771967551348,0.7474310986120957,0.5987188786823103,-0.756287196412338,1
UKL10559,Rudraprayag,Almora,High-Hill,Mid-Hill,1.422433522224453,Standard,-2.3240511298868807,0.5768647528361626,2.205732220030491,-0.5529591878303548,0,0,Good,0.3031515062965035,0.7474310986120957,0.6492103016810852,0.5353450081510516,1
UKL10560,Almora,Dehradun,Mid-Hill,Plain/Lower Hill,0.16956407081202748,First Class,0.7684986104815564,-0.8831964824413795,-0.9020809970864295,0.2021057022429557,0,1,Moderate,1.514260783225181,-0.9839122283269446,-0.17548294063224396,0.4548089477094513,1
UKL10561,Dehradun,Pauri Garhwal,Plain/Lower Hill,Mid-Hill,-0.034549648968119476,Standard,0.3819298929355018,-1.2414102637672364,-0.06375880290138809,-1.4478509093987229,1,0,Moderate,-0.08531750705798029,0.7474310986120957,0.14429607169333272,-0.03341800443651767,1
UKL10562,Almora,Chamoli,Mid-Hill,High-Hill,0.15498451939915983,First Class,-0.004638824610552831,-0.2710590080237765,1.6406752714637782,0.8173437608212094,0,0,Moderate,0.006086966672486133,-0.9839122283269446,-0.8066257281169349,0.5349376431513473,1
UKL10563,Rudraprayag,Nainital,High-Hill,Mid-Hill,0.6050066730096744,Second Class,-0.004638824610552831,0.2730631914585372,0.6170885039781752,0.425828632635048,0,1,Poor,-0.9993622443626424,0.03452502281366723,0.7922693335109484,1.0783218162573187,1
UKL10564,Dehradun,Pithoragarh,Plain/Lower Hill,High-Hill,0.08694661280577752,Standard,0.3819298929355018,1.9417046032042993,0.07982124140654685,-1.1961626127076195,0,1,Moderate,2.0626876256079796,0.7474310986120957,1.078387397170675,-0.27702227425987047,1
UKL10565,Udham Singh Nagar,Tehri Garhwal,Plain/Lower Hill,Mid-Hill,-0.4350013277748839,First Class,-0.7777762597026621,0.5269868845502834,0.16319029939179944,-0.077547960747159,0,0,Good,-0.7251488231712442,-0.9839122283269446,-1.1600656891083623,-0.4799307806127342,1
UKL10566,Pauri Garhwal,Almora,Mid-Hill,Mid-Hill,0.713867323559086,Standard,-0.004638824610552831,-1.9941126397177702,0.3669813300224174,0.5097247315320826,0,0,Moderate,-0.47378652041246105,0.7474310986120957,0.6828712503469354,0.5032446461743283,1
UKL10567,Udham Singh Nagar,Haridwar,Plain/Lower Hill,Plain/Lower Hill,-1.3962797509299572,Standard,-0.004638824610552831,-0.5023109428037603,-0.06375880290138809,-0.10551332704617054,0,0,Moderate,-1.1821711918235753,0.7474310986120957,0.14429607169333272,-1.5213594023575554,1
UKL10568,Pithoragarh,Chamoli,High-Hill,High-Hill,1.438957013825703,First Class,-0.004638824610552831,-0.2755933596861295,-2.4721982558086886,0.6775169293261518,0,1,Good,-0.10816862549059639,-0.9839122283269446,-0.06608485746823092,1.5871614373883405,1
UKL10569,Bageshwar,Rudraprayag,Mid-Hill,High-Hill,-0.10841937612664908,Second Class,-0.004638824610552831,0.8670632592267294,0.4179290876800716,-0.8605782171194813,0,1,Moderate,1.2628984804663999,0.03452502281366723,0.3799227123542835,-0.42860279064995394,1
UKL10570,Champawat,Bageshwar,Mid-Hill,Mid-Hill,0.8548029872168066,Standard,-1.5509136947947713,0.2957349497703003,-1.4810327886506844,-0.21737479224221667,0,0,Moderate,0.07464032197033646,0.7474310986120957,0.5818884043493848,0.3519900217840091,1
UKL10571,Dehradun,Champawat,Plain/Lower Hill,Mid-Hill,-0.5837127521861339,First Class,0.3819298929355018,1.3068953704749333,-0.5686047651454186,-0.4131323563352971,0,0,Moderate,0.34885374316173573,-0.9839122283269446,-1.4209380412687012,0.013551180029424037,1
UKL10572,Udham Singh Nagar,Champawat,Plain/Lower Hill,Mid-Hill,-0.38057100250017833,Second Class,-0.7777762597026621,-1.3955782202872251,-0.8279751677662048,1.0131013249142895,1,0,Moderate,1.102940651438083,0.03452502281366723,-0.19231341496516943,-0.5657218495505236,1
UKL10573,Udham Singh Nagar,Bageshwar,Plain/Lower Hill,Mid-Hill,0.7294188450661445,First Class,-0.7777762597026621,-0.3844177995825919,-0.28607629086206215,0.11820960334592173,0,1,Good,-0.5194887572776943,-0.9839122283269446,-0.7477190679516976,0.7343428105067504,1
UKL10574,Tehri Garhwal,Almora,Mid-Hill,Mid-Hill,-0.6838256718878252,Standard,-0.004638824610552831,0.205047916523248,-1.2355572290274401,0.11820960334592173,0,0,Good,0.07464032197033646,0.7474310986120957,-0.5962447989553713,-1.197219072092602,0
UKL10575,Dehradun,Udham Singh Nagar,Plain/Lower Hill,Plain/Lower Hill,-1.2835312200037805,Standard,-0.3912075421566074,0.8353227975902611,-0.14712786088664132,-0.6648206530264009,0,0,Good,-0.5880421125755446,0.7474310986120957,0.2452789176908834,-1.5654770318255642,1
UKL10576,Almora,Pauri Garhwal,Mid-Hill,Mid-Hill,0.43491190652621864,Standard,-1.1643449772487167,-0.5295170527778758,0.6448781899732597,-0.30127089113925126,0,0,Good,0.04036364432141231,0.7474310986120957,0.6828712503469354,-0.31629226023139473,1
UKL10577,Champawat,Tehri Garhwal,Mid-Hill,Mid-Hill,0.22107848580415992,Standard,-1.9374824123408259,-1.8580820898471917,-0.6566054374631853,0.5376900978310941,0,0,Good,-1.0222133627952597,0.7474310986120957,0.12746559736040725,-0.6984821029542544,1
UKL10578,Rudraprayag,Udham Singh Nagar,High-Hill,Plain/Lower Hill,0.20261105401452723,Standard,-0.7777762597026621,-2.3069829044201007,-0.06839041723390252,-0.44109772263430863,0,0,Moderate,-0.10816862549059639,0.7474310986120957,0.0769741743616323,-0.6252378760073665,1
UKL10579,Pithoragarh,Udham Singh Nagar,High-Hill,Plain/Lower Hill,-0.06370875179385475,Second Class,0.7684986104815564,-1.549746176807214,-0.865028082426317,-1.056335781212562,0,0,Good,-0.7479999416038603,0.03452502281366723,-0.3185419724621072,-0.3259875472243643,1
UKL10580,Uttarkashi,Haridwar,High-Hill,Plain/Lower Hill,0.1267973866676154,First Class,2.314773480665775,0.1506356965750165,-0.8511332394287751,1.348685720502428,0,0,Moderate,0.3260026247291196,-0.9839122283269446,-1.6397342075967272,1.1942171586732788,1
UKL10581,Almora,Dehradun,Mid-Hill,Plain/Lower Hill,-0.3543278099570167,First Class,-1.1643449772487167,1.5517503602419747,0.6448781899732597,-0.6927860193254124,0,0,Good,1.948432033444897,-0.9839122283269446,-0.9244390484474111,-0.4435123496391423,1
UKL10582,Pauri Garhwal,Uttarkashi,Mid-Hill,High-Hill,-0.5681612306790751,Second Class,1.155067328027611,-0.9829522190131372,1.0200389509068966,1.404616453100451,1,0,Moderate,-0.9308088890647932,0.03452502281366723,0.6912864875133978,0.2749573003398681,1
UKL10583,Haridwar,Tehri Garhwal,Plain/Lower Hill,Mid-Hill,-1.0249871749489279,Same Day,-0.7777762597026621,-0.4252269645437657,0.38550778735247315,-1.6715738397908153,0,1,Good,0.3945559800269679,-2.6134118301519234,-2.50650363574237,-0.13468894336308193,1
UKL10584,Haridwar,Bageshwar,Plain/Lower Hill,Mid-Hill,-1.0356788459850308,First Class,-1.1643449772487167,-0.6474101959990438,-0.5361834648178202,1.0131013249142895,0,1,Moderate,1.0800895330054672,-0.9839122283269446,-0.5541686131230587,-0.9615584197634881,1
UKL10585,Nainital,Pithoragarh,Mid-Hill,High-Hill,-0.05690496113451664,Second Class,-0.004638824610552831,1.6333686901643216,-0.8974493827539154,1.348685720502428,0,0,Good,0.3945559800269679,0.03452502281366723,0.06855893719516994,-0.28077003225715313,1
UKL10586,Pauri Garhwal,Uttarkashi,Mid-Hill,High-Hill,0.28814442230335086,Standard,1.155067328027611,0.49978077457616793,0.24192774304453823,0.0902442370469102,0,0,Moderate,-1.5020868498802078,0.7474310986120957,1.078387397170675,0.17841179540987664,1
UKL10587,Champawat,Pauri Garhwal,Mid-Hill,Mid-Hill,-0.40973010532591364,First Class,-0.3912075421566074,0.49978077457616793,-1.337452744342749,2.6910233028549806,0,0,Good,0.417407098459586,-0.9839122283269446,-0.5709990874559842,-0.011012929452764424,1
UKL10588,Udham Singh Nagar,Pauri Garhwal,Plain/Lower Hill,Mid-Hill,0.09958222403026291,First Class,-0.3912075421566074,-0.10328799651672968,0.3669813300224174,-0.3851669900362859,0,0,Moderate,2.0626876256079796,-0.9839122283269446,-0.2007286521316318,0.46458570770236124,1
UKL10589,Pithoragarh,Rudraprayag,High-Hill,High-Hill,1.2766380080957767,Second Class,-0.3912075421566074,0.735567061018504,2.0065728037323867,0.006348138149875597,0,0,Moderate,0.645918282785751,0.03452502281366723,-0.46160100429197115,1.2508816301321897,1
UKL10590,Uttarkashi,Haridwar,High-Hill,Plain/Lower Hill,-0.24643912950179594,Second Class,0.7684986104815564,-0.3436086346214188,0.2789806577046504,0.17414033594394418,0,1,Good,-1.0679155996604928,0.03452502281366723,-0.5625838502895211,-0.23494146979038466,1
UKL10591,Pithoragarh,Rudraprayag,High-Hill,High-Hill,1.481723697970115,First Class,0.3819298929355018,-1.7084484849895556,0.12150577039917347,-0.44109772263430863,1,0,Poor,-1.3649801392845082,-0.9839122283269446,0.3126008150225838,1.873416822680766,1
UKL10592,Haridwar,Bageshwar,Plain/Lower Hill,Mid-Hill,-0.6148157952002516,Same Day,0.7684986104815564,0.7809105776420302,0.45498200234018377,-0.8046474845214583,0,0,Good,-0.45093540197984494,-2.6134118301519234,-2.9945873913971974,0.8940298903909556,1
UKL10593,Nainital,Tehri Garhwal,Mid-Hill,Mid-Hill,1.0657204976562915,Standard,-0.3912075421566074,-0.4569674261802341,-0.07765364589893073,-0.18940942594320515,0,0,Poor,0.46310933532481824,0.7474310986120957,0.9184978910078869,0.6617911040593606,1
UKL10594,Dehradun,Haridwar,Plain/Lower Hill,Plain/Lower Hill,-1.6635715268325306,Second Class,-0.004638824610552831,0.5904678078232203,0.14003222772922924,-0.3851669900362859,0,0,Moderate,-0.2909775729515282,0.03452502281366723,-0.37744863262734524,-1.4345906574204748,1
UKL10595,Uttarkashi,Almora,High-Hill,Mid-Hill,1.1940205500895267,Second Class,-0.004638824610552831,1.1617961172796494,1.617517199801208,-1.0843011475115736,0,0,Good,2.0626876256079796,0.03452502281366723,-0.6551514591206093,0.755810945991183,1
UKL10596,Rudraprayag,Udham Singh Nagar,High-Hill,Plain/Lower Hill,0.9782431891790858,Same Day,-0.004638824610552831,0.3818876313549996,1.2608828961976268,-0.4970284552323317,0,0,Moderate,-0.9308088890647932,-2.6134118301519234,-1.9510979827558415,1.6914468773127187,1
UKL10597,Pauri Garhwal,Almora,Mid-Hill,Mid-Hill,-0.058848901322898876,Standard,-1.1643449772487167,-0.6972880642849226,-0.6334473658006151,0.7893783945221979,0,0,Good,0.05178920353772036,0.7474310986120957,0.40516842385367136,-0.8673756318317836,1
UKL10598,Bageshwar,Udham Singh Nagar,Mid-Hill,Plain/Lower Hill,-0.7217325055612811,First Class,-0.3912075421566074,-0.8378529658178534,0.49666653133281036,0.17414033594394418,0,0,Good,-0.9765111259300263,-0.9839122283269446,-0.7056428821193851,-0.3386158622152067,1
UKL10599,Bageshwar,Uttarkashi,Mid-Hill,High-Hill,-0.9929121618406193,Standard,0.7684986104815564,0.9260098308373134,1.0293021795719248,1.907993046482658,0,0,Poor,1.034387296140233,0.7474310986120957,1.1457092945023752,-0.4747979816164562,1
UKL10600,Pithoragarh,Almora,High-Hill,Mid-Hill,1.0171219929467328,Same Day,1.5416360455736655,0.5451242911996941,-1.0271345840643085,-1.4758162756977344,0,0,Moderate,1.0115361777076168,-2.6134118301519234,-2.464427449910057,2.1021115335149303,1
UKL10601,Dehradun,Udham Singh Nagar,Plain/Lower Hill,Plain/Lower Hill,-1.540131324870251,Same Day,-0.3912075421566074,0.34107846639382644,0.2836122720371648,0.2860018011399903,0,1,Good,0.8058761118140678,-2.6134118301519234,-2.6579779047386953,-0.2186468698022005,1
UKL10602,Dehradun,Nainital,Plain/Lower Hill,Mid-Hill,-1.1542591974763543,Standard,-0.3912075421566074,1.2932923154878755,0.3716129443549312,-1.7275045723888383,0,1,Moderate,-1.2278734286888084,0.7474310986120957,0.32101605218904616,-1.270870664039194,1
UKL10603,Dehradun,Rudraprayag,Plain/Lower Hill,High-Hill,0.3824255214398948,First Class,-1.1643449772487167,0.06901736665266955,0.18634837105436963,0.23007106854196724,0,0,Moderate,1.6285163753882637,-0.9839122283269446,-0.22597436363101964,0.7211034480163507,1
UKL10604,Champawat,Udham Singh Nagar,Mid-Hill,Plain/Lower Hill,-0.6157877652944428,Same Day,1.155067328027611,-1.3411660003389936,-1.0178713553992804,0.03431350444888713,0,0,Moderate,1.4685585463599489,-2.6134118301519234,-1.925852271256454,0.7018758200302934,1
UKL10605,Chamoli,Tehri Garhwal,High-Hill,Mid-Hill,-0.07245648264157567,First Class,-0.3912075421566074,-0.4569674261802341,-2.036826508552369,-1.9791928690799419,0,0,Good,-0.35953092824937855,-0.9839122283269446,-1.4630142271010138,-0.08560146089867728,1
UKL10606,Dehradun,Tehri Garhwal,Plain/Lower Hill,Mid-Hill,-0.48359983248444294,Standard,-0.004638824610552831,0.7899792809667349,1.9417302030771908,1.041066691213301,0,0,Good,-0.9308088890647932,0.7474310986120957,0.11905036019394488,-0.8969503308103378,1
UKL10607,Udham Singh Nagar,Almora,Plain/Lower Hill,Mid-Hill,-0.37279524174664885,Same Day,-0.7777762597026621,-0.32093687630965567,-0.04523234557133233,-0.5809245541293663,0,0,Good,-1.3878312577171241,-2.6134118301519234,-2.3129531809137314,0.38576058025952065,1
UKL10608,Haridwar,Nainital,Plain/Lower Hill,Mid-Hill,-0.8500325579945162,Standard,-0.004638824610552831,0.34107846639382644,-0.2768130621970343,-1.280058711604654,0,0,Moderate,-1.3421290208518921,0.7474310986120957,0.48932079551829727,-1.085967690673274,1
UKL10609,Almora,Tehri Garhwal,Mid-Hill,Mid-Hill,0.022796586589159683,Standard,3.087910915757884,-0.9829522190131372,-0.8881861540888872,1.0690320575123127,0,0,Good,1.3314518357642482,0.7474310986120957,0.29577034068965835,0.419123773735328,1
UKL10610,Rudraprayag,Almora,High-Hill,Mid-Hill,1.8870352272478352,Standard,-0.004638824610552831,-0.28466206301083424,0.08908447007157506,0.11820960334592173,0,0,Good,0.3945559800269679,0.7474310986120957,0.2452789176908834,0.8954149313899518,1
UKL10611,Pithoragarh,Udham Singh Nagar,High-Hill,Plain/Lower Hill,0.04126401837879236,First Class,0.7684986104815564,-0.20304373308848733,0.06592639840900487,-0.10551332704617054,0,1,Good,-1.4563846130149745,-0.9839122283269446,-0.8739476254486354,0.5562020961359269,1
UKL10612,Bageshwar,Dehradun,Mid-Hill,Plain/Lower Hill,0.010160975364674285,Standard,-1.9374824123408259,0.4771090162644049,0.03813671241392024,1.3207203542034165,0,0,Good,0.8744294671119182,0.7474310986120957,0.6492103016810852,-0.6963638049557905,1
UKL10613,Rudraprayag,Champawat,High-Hill,Mid-Hill,-0.4680483109773842,Standard,0.7684986104815564,0.7627731709926194,-0.860396468093803,0.006348138149875597,0,1,Moderate,-1.547789086745441,0.7474310986120957,1.2551073776663884,-0.1997858703158778,1
UKL10614,Pithoragarh,Uttarkashi,High-Hill,High-Hill,0.6079225832922475,Second Class,0.3819298929355018,-0.012600963269677384,-0.5037621644902222,0.5936208304291172,0,0,Moderate,-1.0679155996604928,0.03452502281366723,-0.30171149812918246,0.5489917356411554,1
UKL10615,Pauri Garhwal,Almora,Mid-Hill,Mid-Hill,0.709979443182321,Second Class,-1.1643449772487167,-0.06701318321790889,-1.1707146283722436,1.5164779182964971,0,0,Poor,1.0572384145728488,0.03452502281366723,0.8259302821767986,0.7174778995189803,1
UKL10616,Nainital,Chamoli,Mid-Hill,High-Hill,0.8897939106076885,Standard,-0.004638824610552831,-1.2368759121048836,2.131626390710266,0.006348138149875597,0,1,Good,0.7144716380836014,0.7474310986120957,0.8595912308426489,0.332110609798424,1
UKL10617,Haridwar,Nainital,Plain/Lower Hill,Mid-Hill,-0.3416921987325313,Standard,-1.9374824123408259,-0.8287842624931483,-0.03596911690630412,-0.18940942594320515,0,0,Poor,-0.33667980981676143,0.7474310986120957,0.5650579300164601,-0.7536800604142285,1
UKL10618,Almora,Tehri Garhwal,Mid-Hill,Mid-Hill,-1.1600910180415014,First Class,0.7684986104815564,-0.24838724971201348,0.11687415606665903,-0.44109772263430863,0,0,Poor,-0.1995730992210628,-0.9839122283269446,-1.059082843110812,-0.4007797611701293,1
UKL10619,Tehri Garhwal,Almora,Mid-Hill,Mid-Hill,-0.39126267353628097,Second Class,0.7684986104815564,0.10982653161384269,-0.2768130621970343,1.3207203542034165,0,1,Moderate,-0.7479999416038603,0.03452502281366723,0.5398122185170722,0.1514849689294027,1
UKL10620,Haridwar,Pithoragarh,Plain/Lower Hill,High-Hill,0.1763678614713656,Same Day,-0.004638824610552831,-0.05794447989320353,0.010347026418836273,0.23007106854196724,0,0,Good,0.14319367726818677,-2.6134118301519234,-2.57382553307407,1.3233111270796682,1
UKL10621,Rudraprayag,Almora,High-Hill,Mid-Hill,-0.3766831221234133,First Class,0.3819298929355018,0.5813991044985148,0.246559357377052,-0.6368552867273893,1,0,Good,1.948432033444897,-0.9839122283269446,-0.8907780997815609,-0.05639339041985684,1
UKL10622,Haridwar,Pauri Garhwal,Plain/Lower Hill,Mid-Hill,-0.4729081614483401,First Class,-0.7777762597026621,0.5950021594855726,-0.06375880290138809,-0.5809245541293663,0,0,Poor,-0.2909775729515282,-0.9839122283269446,-0.8487019139492482,-0.4437160321389949,1
UKL10623,Udham Singh Nagar,Champawat,Plain/Lower Hill,Mid-Hill,0.01404885574143932,Second Class,-0.004638824610552831,-0.6791506576355119,0.39940263035001583,-0.3851669900362859,0,1,Moderate,1.6742186122534979,0.03452502281366723,0.14429607169333272,-0.026696481941391327,1
UKL10624,Tehri Garhwal,Nainital,Mid-Hill,Mid-Hill,0.7896809909059979,Standard,-0.004638824610552831,0.6902235443949779,-0.6890267377907837,-0.6088899204283779,0,0,Poor,-1.1136178365257259,0.7474310986120957,1.0194807370054375,0.7415124345015515,1
UKL10625,Almora,Chamoli,Mid-Hill,High-Hill,-1.351569126597163,Standard,-0.7777762597026621,-0.11235669984143504,-0.397235034842399,1.0131013249142895,0,0,Good,0.9658339408423825,0.7474310986120957,0.9269131281743493,-1.515045244862134,1
UKL10626,Pauri Garhwal,Tehri Garhwal,Mid-Hill,Mid-Hill,0.03348825762526284,Second Class,-1.5509136947947713,1.1073838973314178,1.0293021795719248,-0.6648206530264009,1,0,Moderate,0.34885374316173573,0.03452502281366723,0.3546770008548964,0.01628052552744426,1
UKL10627,Chamoli,Bageshwar,High-Hill,Mid-Hill,1.6770896869025411,Second Class,-0.3912075421566074,-0.2755933596861295,0.48740330266778215,0.11820960334592173,0,1,Good,-0.245275336086295,0.03452502281366723,0.3715074751878211,1.3724393460440432,1
UKL10628,Nainital,Uttarkashi,Mid-Hill,High-Hill,1.470060056839821,First Class,-0.3912075421566074,0.1642387515620742,0.14003222772922924,-0.2453401585412282,0,0,Moderate,0.48596045375743435,-0.9839122283269446,-0.5120924272907461,1.6178767583660674,1
UKL10629,Pauri Garhwal,Uttarkashi,Mid-Hill,High-Hill,1.0336454845479828,Same Day,-0.3912075421566074,-0.4615017778425865,2.6642620389493805,0.8173437608212094,0,1,Poor,1.6513674938208818,-2.6134118301519234,-1.2694637722723752,2.1070406500113563,1
UKL10630,Pauri Garhwal,Pithoragarh,Mid-Hill,High-Hill,1.764566995379747,Standard,-0.004638824610552831,1.0756434356949502,-0.0730220315664163,0.0902442370469102,0,0,Moderate,0.623067164353135,0.7474310986120957,1.1709550060017633,1.281148849610241,1
UKL10631,Uttarkashi,Chamoli,High-Hill,High-Hill,0.4504634280332771,Same Day,0.7684986104815564,-0.08968494152967196,-1.9534574505671163,0.48175936523307106,1,0,Moderate,-1.2507245471214257,-2.6134118301519234,-1.7070561049284276,1.593720013883584,1
UKL10632,Nainital,Bageshwar,Mid-Hill,Mid-Hill,1.0355894247363648,First Class,-0.7777762597026621,-0.5521888110896388,-1.1846094713697857,-1.3080240779036656,0,0,Moderate,-2.187620402858705,-0.9839122283269446,-1.5639970730985644,1.0305379017919685,1
UKL10633,Champawat,Haridwar,Mid-Hill,Plain/Lower Hill,-0.2532429201611341,Same Day,-0.7777762597026621,0.5088494779008733,0.9227750499241021,0.23007106854196724,0,0,Good,0.9201317039771504,-2.6134118301519234,-2.918850256899035,0.6317683035811317,1
UKL10634,Bageshwar,Haridwar,Mid-Hill,Plain/Lower Hill,-1.0162394441012073,Second Class,0.7684986104815564,-1.105379713896658,-0.8696596967588311,1.0131013249142895,0,0,Moderate,2.0626876256079796,0.03452502281366723,-0.2764657866297946,-0.47186495361858294,1
UKL10635,Chamoli,Almora,High-Hill,Mid-Hill,1.1123750621774682,Standard,-2.3240511298868807,-2.1981584645236376,-0.9530287547440838,0.8453091271202203,0,1,Moderate,-0.15387086235582859,0.7474310986120957,1.5748863899919658,0.16187277642186992,1
UKL10636,Udham Singh Nagar,Uttarkashi,Plain/Lower Hill,High-Hill,-0.19298077432128127,Same Day,-0.3912075421566074,-1.105379713896658,0.024241869416378257,0.5376900978310941,0,0,Moderate,0.3717048615943518,-2.6134118301519234,-1.5303361244327143,0.7055828415276055,1
UKL10637,Pauri Garhwal,Chamoli,Mid-Hill,High-Hill,0.17345195118879195,Standard,1.155067328027611,0.2730631914585372,0.13076899906420103,0.45379399893405953,0,0,Moderate,0.8972805855445343,0.7474310986120957,1.3224292749980888,0.2844081683330156,1
UKL10638,Chamoli,Dehradun,High-Hill,Plain/Lower Hill,-1.6013654408042952,First Class,-1.1643449772487167,0.3592158730432365,-0.5361834648178202,0.2021057022429557,1,0,Poor,0.9429828224097664,-0.9839122283269446,-0.8571171511157106,-0.6790100559683744,1
UKL10639,Pithoragarh,Almora,High-Hill,Mid-Hill,-0.9248742552472369,Second Class,-0.7777762597026621,-0.7789063942072695,-0.37407696317982886,1.1808935227083588,0,0,Moderate,0.18889591413341897,0.03452502281366723,-0.09974580613408114,-0.4885261821065014,1
UKL10640,Champawat,Tehri Garhwal,Mid-Hill,Mid-Hill,0.6672127590379094,Same Day,-1.9374824123408259,0.7537044676679141,-1.6477709046211895,-2.286811898369068,1,0,Moderate,-0.016764151760129964,-2.6134118301519234,-2.2456312835820307,1.3679990675472633,1
UKL10641,Chamoli,Haridwar,High-Hill,Plain/Lower Hill,-0.6264794363305457,Standard,0.3819298929355018,-0.6836850092978646,0.38550778735247315,0.5936208304291172,1,1,Moderate,-0.1767219807884467,0.7474310986120957,1.3981664094962516,-0.701252184952246,1
UKL10642,Pauri Garhwal,Nainital,Mid-Hill,Mid-Hill,0.42519220558430687,Second Class,0.7684986104815564,-0.11235669984143504,-0.6380789801331292,-0.7766821182224467,0,0,Moderate,-0.2224242176536789,0.03452502281366723,-0.08291533180115641,0.509314384669927,1
UKL10643,Champawat,Bageshwar,Mid-Hill,Mid-Hill,-0.2483830696901782,First Class,-0.3912075421566074,2.2409718129195717,0.028873483748892693,-0.6648206530264009,0,0,Moderate,-2.233322639723938,-0.9839122283269446,-0.33537244679503264,0.12268426345028742,1
UKL10644,Tehri Garhwal,Champawat,Mid-Hill,Mid-Hill,0.11318980534893916,Second Class,-0.3912075421566074,0.05541431166561184,2.228890291693061,1.348685720502428,0,0,Poor,-0.7022977047386271,0.03452502281366723,0.21161796902503316,0.5295604251552458,1
UKL10645,Chamoli,Nainital,High-Hill,Mid-Hill,-0.11036331631503131,Standard,0.7684986104815564,-1.1008453622343053,-0.29533951952709037,-0.7766821182224467,0,1,Moderate,0.7601738749488336,0.7474310986120957,0.48932079551829727,-0.44982650713456396,1
UKL10646,Nainital,Haridwar,Mid-Hill,Plain/Lower Hill,-1.0434546067385602,Standard,0.7684986104815564,-1.3547690553260516,0.9413015072541578,-2.0910543342759875,0,0,Good,0.4402582168922021,0.7474310986120957,-0.3690333954608829,-1.1699663536123637,1
UKL10647,Uttarkashi,Pithoragarh,High-Hill,High-Hill,0.5894551515026154,Second Class,-0.7777762597026621,-2.2162958711730485,-0.0406007312388179,-0.1334786933451821,0,0,Good,-0.06246638862536216,0.03452502281366723,-0.5036771901242837,0.38808256075783665,1
UKL10648,Almora,Uttarkashi,Mid-Hill,High-Hill,-1.5197199528922365,Standard,-0.004638824610552831,1.2660862055137594,0.9088802069265601,0.6215861967281288,0,0,Good,0.05178920353772036,0.7474310986120957,0.7165321990127856,-1.7587717241853986,1
UKL10649,Udham Singh Nagar,Uttarkashi,Plain/Lower Hill,High-Hill,-1.4983366108200307,Second Class,-0.004638824610552831,0.5269868845502834,-1.2957682153501229,2.3834042735658536,1,0,Good,-0.33667980981676143,0.03452502281366723,0.7670236220115606,-1.492110595378765,1
UKL10650,Pauri Garhwal,Udham Singh Nagar,Mid-Hill,Plain/Lower Hill,-1.4866729696897365,First Class,1.155067328027611,-0.4796391844919972,0.4040342446825296,0.11820960334592173,0,1,Moderate,1.1486428883033153,-0.9839122283269446,-1.0001761829455738,-0.272867151262884,1
UKL10651,Pauri Garhwal,Dehradun,Mid-Hill,Plain/Lower Hill,0.870354508723865,Standard,-0.3912075421566074,1.1844678755914124,-0.2999711338596045,-0.720751385624424,0,0,Moderate,0.5088115721900525,0.7474310986120957,0.6912864875133978,0.18855518390252132,1
UKL10652,Udham Singh Nagar,Pithoragarh,Plain/Lower Hill,High-Hill,1.1765250883940854,First Class,1.155067328027611,0.1642387515620742,0.334560029694819,-0.2453401585412282,0,1,Good,-0.3138286913841453,-0.9839122283269446,-0.6383209847876846,1.4033583495216224,1
UKL10653,Champawat,Haridwar,Mid-Hill,Plain/Lower Hill,-0.14243832942334023,Second Class,1.5416360455736655,-0.6519445476613964,0.8069846916112511,-0.27330552484023973,0,0,Moderate,2.0626876256079796,0.03452502281366723,-0.5962447989553713,0.18191513440733675,1
UKL10654,Pauri Garhwal,Chamoli,Mid-Hill,High-Hill,-1.0337349057966485,Second Class,-0.7777762597026621,-1.055501845610779,-1.3235579013452068,-1.9512275027809303,0,0,Poor,0.5545138090552847,0.03452502281366723,0.00965227702993187,-1.2769811390347632,1
UKL10655,Bageshwar,Chamoli,Mid-Hill,High-Hill,0.16956407081202748,Standard,-0.3912075421566074,-0.03527272158144046,-0.8233435534336908,0.06227887074789867,0,1,Poor,-0.03961527019274606,0.7474310986120957,1.2719378519993139,-0.10873979288189814,1
UKL10656,Tehri Garhwal,Almora,Mid-Hill,Mid-Hill,0.18219968203651288,First Class,2.314773480665775,-0.09421929319202496,-0.7214480381183818,1.740200848688589,0,0,Good,-0.7937021784690935,-0.9839122283269446,-0.6551514591206093,1.3459198845632736,1
UKL10657,Almora,Rudraprayag,Mid-Hill,High-Hill,1.7976139785822471,Standard,-1.5509136947947713,-0.42976131620611807,1.372041640177964,1.7122354823895773,0,0,Moderate,0.6916205196509853,0.7474310986120957,1.1457092945023752,1.0284196037935045,1
UKL10658,Chamoli,Dehradun,High-Hill,Plain/Lower Hill,0.4776785906706301,Second Class,-0.004638824610552831,0.15970439989972185,2.4187864793261364,-1.4478509093987229,0,0,Moderate,-0.7251488231712442,0.03452502281366723,0.287355103523196,0.3253890873032986,1
UKL10659,Dehradun,Bageshwar,Plain/Lower Hill,Mid-Hill,-1.4128032425312071,Standard,-1.1643449772487167,0.9486815891490764,-1.6709289762837598,0.6775169293261518,0,1,Moderate,-0.4052331651146117,0.7474310986120957,0.5566426928499969,-1.8479846591207074,1
UKL10660,Bageshwar,Rudraprayag,Mid-Hill,High-Hill,-0.8208734551687809,Standard,0.3819298929355018,-1.40464692361193,0.29750711503470684,0.8732744934192319,1,0,Good,1.102940651438083,0.7474310986120957,1.1457092945023752,-0.9508854567712275,1
UKL10661,Almora,Chamoli,Mid-Hill,High-Hill,1.8549602141395265,Same Day,0.7684986104815564,-0.11689105150378803,2.428049707991165,2.1317159768747502,0,0,Moderate,0.04036364432141231,-2.6134118301519234,-1.1853114006077496,2.7297082361848366,1
UKL10662,Almora,Uttarkashi,Mid-Hill,High-Hill,-1.384616109799663,Standard,-0.3912075421566074,-0.22118113973789805,0.4271923163450998,0.7893783945221979,0,0,Moderate,-1.6163424420432904,0.7474310986120957,0.44724460968598395,-1.1360735856369404,1
UKL10663,Uttarkashi,Dehradun,High-Hill,Plain/Lower Hill,-0.7917143523430457,Standard,-0.7777762597026621,2.7352161441160083,0.06592639840900487,-0.8326128508204698,0,0,Moderate,2.0626876256079796,0.7474310986120957,0.5313969813506099,-1.1339960241384468,1
UKL10664,Bageshwar,Almora,Mid-Hill,Mid-Hill,0.1530405792107776,Standard,0.3819298929355018,0.4771090162644049,0.9690911932492425,-0.5809245541293663,1,0,Good,0.3717048615943518,0.7474310986120957,0.2789398663567336,-0.30948926473632754,1
UKL10665,Chamoli,Pauri Garhwal,High-Hill,Mid-Hill,0.42616417567849774,Standard,-0.3912075421566074,-1.445456088573104,-0.35555050584977277,-0.7766821182224467,1,0,Poor,-0.7708510600364774,0.7474310986120957,1.1120483458365251,0.052413801001243154,1
UKL10666,Champawat,Chamoli,Mid-Hill,High-Hill,0.42616417567849774,First Class,1.5416360455736655,-0.7925094491943272,-1.8654567782493496,-1.3639548105016885,0,0,Moderate,0.9201317039771504,-0.9839122283269446,-0.6214905104547591,0.9632004673407975,1
UKL10667,Uttarkashi,Pithoragarh,High-Hill,High-Hill,0.43685584671460087,Second Class,-1.1643449772487167,0.5995365111479256,-0.9947132837367103,0.2860018011399903,0,0,Good,1.102940651438083,0.03452502281366723,-0.5205076644572084,-0.01761224244797857,1
UKL10668,Champawat,Almora,Mid-Hill,Mid-Hill,0.686652160921733,First Class,1.155067328027611,-0.39348650290729725,0.014978640751350048,0.14617496964493265,0,1,Moderate,-0.4052331651146117,-0.9839122283269446,-0.17548294063224396,0.8212745014437136,1
UKL10669,Uttarkashi,Haridwar,High-Hill,Plain/Lower Hill,0.4397717569971745,Standard,0.7684986104815564,1.238880095539644,-0.09154848889647271,-0.8046474845214583,0,0,Moderate,1.4000051910620985,0.7474310986120957,0.4640750840189094,0.19556186189744063,1
UKL10670,Nainital,Almora,Mid-Hill,Mid-Hill,-0.9773606403335602,Standard,-0.004638824610552831,0.6222082694596887,2.3863651789985383,-0.7487167519234352,0,0,Moderate,0.46310933532481824,0.7474310986120957,0.9605740768401996,-1.210173279083208,1
UKL10671,Uttarkashi,Pithoragarh,High-Hill,High-Hill,0.9267287741869533,Standard,1.5416360455736655,-2.089334024627175,1.1636189952148324,0.6215861967281288,0,0,Good,1.3771540726294824,0.7474310986120957,0.25369415485734575,0.32054144380681354,1
UKL10672,Pithoragarh,Almora,High-Hill,Mid-Hill,0.20261105401452723,First Class,1.5416360455736655,-2.551837894187142,0.8810905209314754,1.907993046482658,1,0,Good,-2.710339737004811,-0.9839122283269446,-0.6719819334535349,1.3464901955628594,1
UKL10673,Dehradun,Udham Singh Nagar,Plain/Lower Hill,Plain/Lower Hill,-1.9697421065027512,Standard,-1.1643449772487167,0.33200976306912106,-1.8469303209192935,-0.8605782171194813,0,1,Moderate,1.308600717331632,0.7474310986120957,0.16112654602625748,-2.0981067689393345,1
UKL10674,Haridwar,Tehri Garhwal,Plain/Lower Hill,Mid-Hill,-0.4077861651375314,Standard,-1.5509136947947713,-0.7335628775837434,0.4688768453377264,-0.21737479224221667,0,0,Moderate,0.5773649274879008,0.7474310986120957,0.06014370002870682,-0.6983598934543431,1
UKL10675,Chamoli,Haridwar,High-Hill,Plain/Lower Hill,0.006273094987909802,Same Day,-0.004638824610552831,0.9169411275126086,1.0478286369019814,-0.077547960747159,0,1,Good,0.8058761118140678,-2.6134118301519234,-2.927265494065497,0.9913493888203859,1
UKL10676,Bageshwar,Uttarkashi,Mid-Hill,High-Hill,1.371891077326512,Second Class,0.3819298929355018,-0.3390742829590658,-1.3745056590028613,-0.3851669900362859,0,1,Good,0.3031515062965035,0.03452502281366723,0.03489798852931972,0.8610740619148534,1
UKL10677,Chamoli,Rudraprayag,High-Hill,High-Hill,0.05584356979166,First Class,-1.5509136947947713,-0.11689105150378803,0.7282472479585124,-0.27330552484023973,0,0,Moderate,-0.10816862549059639,-0.9839122283269446,-0.7813800166175479,0.31259782631257355,1
UKL10678,Uttarkashi,Rudraprayag,High-Hill,High-Hill,1.1473659855683502,First Class,1.155067328027611,2.1593534829972247,-0.9391339117465417,1.4605471856984742,0,0,Good,-1.0450644812278758,-0.9839122283269446,-0.08291533180115641,1.4961968329543016,1
UKL10679,Almora,Chamoli,Mid-Hill,High-Hill,-0.430141477303928,Same Day,0.7684986104815564,0.8443915009149664,-0.05449557423636054,-0.6368552867273893,0,0,Good,0.2345981509986532,-2.6134118301519234,-3.415349249720325,0.8813608389001427,0
UKL10680,Haridwar,Chamoli,Plain/Lower Hill,High-Hill,1.548789634469306,Standard,1.5416360455736655,-0.08968494152967196,0.03813671241392024,-0.1334786933451821,0,0,Moderate,-0.9079577706321761,0.7474310986120957,0.8006845706774108,1.4817761119647588,1
UKL10681,Chamoli,Nainital,High-Hill,Mid-Hill,0.4873982916125419,First Class,-0.7777762597026621,0.9532159408114295,0.4040342446825296,0.006348138149875597,0,0,Good,0.04036364432141231,-0.9839122283269446,-0.6046600361218344,0.9139500388765112,1
UKL10682,Pauri Garhwal,Dehradun,Mid-Hill,Plain/Lower Hill,-1.6966185100350304,Same Day,-0.004638824610552831,0.09622347662678499,-0.7723957957760362,-0.21737479224221667,0,0,Good,-0.5880421125755446,-2.6134118301519234,-2.7926216994020963,-0.49651053610071133,1
UKL10683,Bageshwar,Haridwar,Mid-Hill,Plain/Lower Hill,-0.14146635932914883,Standard,-1.1643449772487167,-0.19397502976378198,-1.6153496042935915,0.39786326633603647,0,0,Good,-0.5194887572776943,0.7474310986120957,0.5313969813506099,-0.7610126304089112,1
UKL10684,Pithoragarh,Uttarkashi,High-Hill,High-Hill,0.27550881107886543,First Class,-0.004638824610552831,0.2685288397961842,-1.0595558843919068,1.2088588890073704,0,0,Good,1.7656230859839641,-0.9839122283269446,-1.4293532784351635,0.6141293990939217,1
UKL10685,Bageshwar,Tehri Garhwal,Mid-Hill,Mid-Hill,-0.7285362962206192,Standard,1.155067328027611,-0.7018224159472749,1.0617234798995232,0.7893783945221979,0,0,Moderate,0.7373227565162175,0.7474310986120957,0.6323798273481605,-0.8666831113322854,1
UKL10686,Pauri Garhwal,Dehradun,Mid-Hill,Plain/Lower Hill,-1.5090282818561336,Second Class,-0.3912075421566074,1.637903041826674,-0.4898673214926798,0.6495515630271402,0,0,Good,0.9429828224097664,0.03452502281366723,-0.46160100429197115,-1.4257508369268845,1
UKL10687,Nainital,Chamoli,Mid-Hill,High-Hill,1.3203766623343796,Standard,-0.3912075421566074,0.43629985130323107,-0.5269202361527924,0.17414033594394418,1,1,Poor,0.9658339408423825,0.7474310986120957,1.7263606589882914,0.8246556309412615,1
UKL10688,Almora,Rudraprayag,Mid-Hill,High-Hill,0.9393643854114387,Standard,0.3819298929355018,-0.5975323277131649,0.5198246029953806,1.292754987904405,0,0,Moderate,0.6687694012183671,0.7474310986120957,0.5734731671829224,0.8734579579058732,1
UKL10689,Rudraprayag,Chamoli,High-Hill,High-Hill,-0.5798248718093694,First Class,-0.3912075421566074,0.7899792809667349,-1.1799778570372719,-0.944474316016516,0,0,Poor,-1.0907667180931089,-0.9839122283269446,-1.0170066572784986,-0.04376507542901448,1
UKL10690,Haridwar,Champawat,Plain/Lower Hill,Mid-Hill,-1.2339607452000307,Standard,-0.004638824610552831,-0.8605247241296164,0.8394059919388496,1.907993046482658,1,0,Good,-1.3878312577171241,0.7474310986120957,0.6576255388475476,-1.6095946612935725,1
UKL10691,Dehradun,Bageshwar,Plain/Lower Hill,Mid-Hill,-0.08897997424282555,First Class,-0.004638824610552831,-0.7562346358955064,-0.6705002804607276,1.1529281564093472,0,0,Poor,-0.4052331651146117,-0.9839122283269446,-0.5878295617889089,0.7607807989875793,1
UKL10692,Tehri Garhwal,Haridwar,Mid-Hill,Plain/Lower Hill,-0.024829948026207718,First Class,-0.3912075421566074,-0.9330743507272583,0.436455545010128,-0.9724396823155275,0,0,Good,-0.08531750705798029,-0.9839122283269446,-1.6397342075967272,0.2389462343659814,1
UKL10693,Pithoragarh,Haridwar,High-Hill,Plain/Lower Hill,0.322163375600042,Second Class,-0.004638824610552831,1.470132030319627,1.7055178721189743,-0.3572016237372743,0,0,Good,0.645918282785751,0.03452502281366723,0.38833794952074663,0.19979845789436837,1
UKL10694,Rudraprayag,Nainital,High-Hill,Mid-Hill,1.0890477799168796,First Class,-0.7777762597026621,-0.40255520623200264,2.2149954486955186,0.3419325337380134,0,0,Moderate,0.07464032197033646,-0.9839122283269446,0.06014370002870682,1.495748731454627,1
UKL10695,Nainital,Uttarkashi,Mid-Hill,High-Hill,1.7266601617062913,Standard,0.3819298929355018,-0.2302498430626034,0.3160335723647626,1.4325818193994626,0,0,Poor,0.2345981509986532,0.7474310986120957,1.717945421821829,1.0682599007646147,1
UKL10696,Dehradun,Bageshwar,Plain/Lower Hill,Mid-Hill,0.31633155503489474,Standard,-1.9374824123408259,-1.1325858238707733,1.2377248245350567,-0.44109772263430863,0,0,Good,-1.570640205178057,0.7474310986120957,1.1036331086700628,-0.9026534408062021,1
UKL10697,Almora,Uttarkashi,Mid-Hill,High-Hill,-1.1124644834261337,Standard,-1.1643449772487167,1.2706205571761124,-0.4389195638350257,-0.4131323563352971,0,0,Good,-0.2909775729515282,0.7474310986120957,0.2789398663567336,-1.7602382381843353,1
UKL10698,Almora,Haridwar,Mid-Hill,Plain/Lower Hill,-0.9948561020290014,Standard,0.7684986104815564,0.13703264158795878,-1.578296689633479,-0.5529591878303548,0,0,Good,-0.4052331651146117,0.7474310986120957,0.10221988586102015,-0.05574160642033007,1
UKL10699,Dehradun,Rudraprayag,Plain/Lower Hill,High-Hill,0.7274749048777622,Standard,0.7684986104815564,-0.9240056474025533,0.5244562173278944,-1.224127979006631,0,1,Moderate,1.1486428883033153,0.7474310986120957,0.5987188786823103,0.7389052985034424,1
UKL10700,Bageshwar,Tehri Garhwal,Mid-Hill,Mid-Hill,-0.2571308005378991,Standard,-0.004638824610552831,-0.7380972292460961,-0.7631325671110084,-1.0283704149135506,0,1,Moderate,0.02893808510510426,0.7474310986120957,0.7586083848450983,-0.5895934385332136,1
UKL10701,Rudraprayag,Uttarkashi,High-Hill,High-Hill,0.12971329695018904,Standard,3.087910915757884,-1.6358988583919136,-1.9349309932370602,1.6563047497915542,0,0,Poor,0.9886850592750006,0.7474310986120957,0.7165321990127856,-0.05574160642033007,1
UKL10702,Rudraprayag,Dehradun,High-Hill,Plain/Lower Hill,-1.295194861134075,Second Class,0.3819298929355018,0.9532159408114295,0.320665186697277,1.7122354823895773,0,1,Good,0.3260026247291196,0.03452502281366723,0.14429607169333272,-1.129637218641608,1
UKL10703,Tehri Garhwal,Uttarkashi,Mid-Hill,High-Hill,0.6759604898856298,Standard,0.7684986104815564,-0.1713032714520189,-0.0406007312388179,-0.7766821182224467,0,1,Moderate,0.8515783486793,0.7474310986120957,0.9858197883395874,0.39403008975352405,1
UKL10704,Udham Singh Nagar,Haridwar,Plain/Lower Hill,Plain/Lower Hill,-2.2885482973974565,Same Day,-0.3912075421566074,0.712895302706741,0.5012981456653242,-2.2588465320700566,0,0,Moderate,1.2400473620337817,-2.6134118301519234,-2.6748083790716204,-1.0008691422349822,1
UKL10705,Udham Singh Nagar,Dehradun,Plain/Lower Hill,Plain/Lower Hill,-1.9959852990459126,Second Class,-0.7777762597026621,-0.23931854638730812,-2.5370408564638853,-0.7766821182224467,0,0,Moderate,1.4685585463599489,0.03452502281366723,-1.3367856696040756,-2.073135294457442,0
UKL10706,Tehri Garhwal,Chamoli,Mid-Hill,High-Hill,-0.5069271147450313,Second Class,0.7684986104815564,0.2186509715103057,0.0057154120863224965,0.006348138149875597,0,0,Moderate,-0.35953092824937855,0.03452502281366723,0.44724460968598395,-0.05508982242080237,1
UKL10707,Udham Singh Nagar,Bageshwar,Plain/Lower Hill,Mid-Hill,-0.08412012377186967,Standard,1.92820476311972,0.8897350175384926,0.07055801274151866,-0.6088899204283779,0,0,Moderate,-1.1136178365257259,0.7474310986120957,1.0952178715036005,-0.039487742932115384,1
UKL10708,Udham Singh Nagar,Rudraprayag,Plain/Lower Hill,High-Hill,-0.5467778886068694,Second Class,-0.004638824610552831,-1.277685077066057,-0.9067126114189433,-0.5249938215313432,0,1,Moderate,0.8972805855445343,0.03452502281366723,0.06855893719516994,-0.0816500204015425,1
UKL10709,Tehri Garhwal,Pithoragarh,Mid-Hill,High-Hill,1.3194046922401887,Same Day,0.3819298929355018,0.10075782828913799,1.9741515034047892,-0.5529591878303548,1,0,Good,-0.13101974392321247,-2.6134118301519234,-2.405520789744819,2.1765778554609327,1
UKL10710,Rudraprayag,Champawat,High-Hill,Mid-Hill,-0.23963533884245783,Standard,-0.004638824610552831,-0.7244941742590381,-0.34165566285223076,-1.1402318801095963,0,1,Moderate,0.34885374316173573,0.7474310986120957,0.32101605218904616,-0.6278450120054758,1
UKL10711,Uttarkashi,Nainital,High-Hill,Mid-Hill,1.513798711078424,Second Class,0.7684986104815564,0.4907120712514626,0.552245903322979,0.0902442370469102,1,0,Moderate,-1.6620446789085235,0.03452502281366723,1.4991492554938022,0.870239774408207,1
UKL10712,Pithoragarh,Rudraprayag,High-Hill,High-Hill,2.2865149359604087,Standard,-1.1643449772487167,-1.2414102637672364,2.11309993338021,-1.4758162756977344,0,0,Moderate,-2.141918165993472,0.7474310986120957,1.2130311918340757,1.4921231829572554,1
UKL10713,Dehradun,Nainital,Plain/Lower Hill,Mid-Hill,0.5398846766988652,Second Class,1.5416360455736655,0.9350785341620187,-1.573665075300965,-1.056335781212562,0,1,Good,0.3260026247291196,0.03452502281366723,-0.4363552927925833,0.6069190385991503,1
UKL10714,Rudraprayag,Pithoragarh,High-Hill,High-Hill,0.553492258017542,First Class,-0.7777762597026621,-0.32547122797200806,0.33919164402733276,0.985135958615278,0,0,Good,-1.2735756655540418,-0.9839122283269446,-0.22597436363101964,0.6640723480577062,1
UKL10715,Udham Singh Nagar,Pauri Garhwal,Plain/Lower Hill,Mid-Hill,-1.212577403127825,Same Day,0.7684986104815564,0.8353227975902611,0.3252968010297908,-2.202915799472034,0,0,Moderate,-1.1593200733909592,-2.6134118301519234,-2.270876995081418,0.08703982597613454,1
UKL10716,Pauri Garhwal,Uttarkashi,Mid-Hill,High-Hill,1.027813663982836,Standard,-0.004638824610552831,0.413628092991468,0.17245352805682765,1.3766510868014394,0,0,Good,0.7373227565162175,0.7474310986120957,0.5818884043493848,0.8443313604269936,1
UKL10717,Udham Singh Nagar,Pithoragarh,Plain/Lower Hill,High-Hill,-0.6760499111342956,Standard,0.3819298929355018,1.7376587783984316,0.5939304323156049,0.3419325337380134,0,1,Good,2.0169853887427474,0.7474310986120957,0.3041855778561207,-1.0519119766979692,1
UKL10718,Champawat,Chamoli,Mid-Hill,High-Hill,1.2581705763061446,Standard,-1.5509136947947713,0.5723304011738095,-0.41112987783994137,0.006348138149875597,0,0,Good,0.3945559800269679,0.7474310986120957,1.086802634337138,0.3587930172790763,1
UKL10719,Almora,Haridwar,Mid-Hill,Plain/Lower Hill,0.7080355029939387,Second Class,-0.004638824610552831,-0.16676891978966654,-0.5871312224754747,0.006348138149875597,0,0,Moderate,-0.10816862549059639,0.03452502281366723,0.29577034068965835,0.7090047075251239,1
UKL10720,Dehradun,Udham Singh Nagar,Plain/Lower Hill,Plain/Lower Hill,-0.9482015375078249,Standard,-0.004638824610552831,1.157261765617297,-1.2587153006900103,-0.7487167519234352,0,0,Good,-1.1136178365257259,0.7474310986120957,-0.024008671635918345,-1.324316952000438,1
UKL10721,Almora,Uttarkashi,Mid-Hill,High-Hill,1.2717781576248208,Second Class,-0.004638824610552831,-1.8263416282107237,1.182145452544888,-0.7766821182224467,0,1,Moderate,-0.03961527019274606,0.03452502281366723,1.2551073776663884,0.9148055053758909,1
UKL10722,Haridwar,Dehradun,Plain/Lower Hill,Plain/Lower Hill,-1.1046887226726045,Standard,-1.5509136947947713,0.05087996000325883,1.0524602512344952,-0.2453401585412282,0,1,Good,-1.319277902419275,0.7474310986120957,0.2789398663567336,-1.77038162667698,1
UKL10723,Nainital,Chamoli,Mid-Hill,High-Hill,0.8130082731665859,Standard,0.7684986104815564,-2.0847996729648224,1.4044629405055618,0.5656554641301057,0,0,Good,-0.33667980981676143,0.7474310986120957,1.0363112113383623,0.7348316485063965,1
UKL10724,Chamoli,Udham Singh Nagar,High-Hill,Plain/Lower Hill,-1.6616275866441481,Second Class,-0.3912075421566074,0.37281892803029487,0.8023530772787367,0.39786326633603647,0,1,Good,-0.03961527019274606,0.03452502281366723,-0.6719819334535349,-1.5079163573673036,1
UKL10725,Dehradun,Pithoragarh,Plain/Lower Hill,High-Hill,-0.07731633311253155,Standard,-0.7777762597026621,-0.30733382132259734,0.21413805704945427,-1.4478509093987229,0,0,Moderate,1.0800895330054672,0.7474310986120957,0.10221988586102015,-0.4020833291691842,1
UKL10726,Chamoli,Bageshwar,High-Hill,Mid-Hill,0.6468013870598945,Standard,0.7684986104815564,0.6222082694596887,-0.628815751468101,0.03431350444888713,0,1,Good,-1.319277902419275,0.7474310986120957,0.5398122185170722,0.13209439494346356,1
UKL10727,Udham Singh Nagar,Uttarkashi,Plain/Lower Hill,High-Hill,-0.3659914510873107,First Class,1.155067328027611,-0.06701318321790889,0.6634046473033155,-0.7766821182224467,0,0,Moderate,-0.5880421125755446,-0.9839122283269446,-1.387277092602851,-0.13802933636065942,1
UKL10728,Pauri Garhwal,Udham Singh Nagar,Mid-Hill,Plain/Lower Hill,-0.9112666739285604,Standard,-1.1643449772487167,-0.9738835156884318,0.9088802069265601,0.17414033594394418,0,0,Poor,0.16604479570080288,0.7474310986120957,0.8680064680091113,-1.012071679726859,1
UKL10729,Champawat,Almora,Mid-Hill,Mid-Hill,-0.09578376490216367,Second Class,-0.3912075421566074,-1.400112571949578,0.4086658590150434,1.0690320575123127,0,0,Poor,-0.8622555337669429,0.03452502281366723,-0.17548294063224396,-0.446730533136809,1
UKL10730,Haridwar,Tehri Garhwal,Plain/Lower Hill,Mid-Hill,-0.8791916608202515,Same Day,1.155067328027611,-0.42976131620611807,-0.31386597685714646,-0.30127089113925126,0,1,Good,-1.0222133627952597,-2.6134118301519234,-2.4139360269112813,0.7303913700096156,1
UKL10731,Almora,Dehradun,Mid-Hill,Plain/Lower Hill,-1.1309319152157662,Standard,-0.7777762597026621,-1.173394988831947,-0.2768130621970343,-2.4546040961631377,0,0,Good,0.6002160459205189,0.7474310986120957,0.09380464869455704,-1.2515615630531958,1
UKL10732,Pithoragarh,Bageshwar,High-Hill,Mid-Hill,0.9772712190848943,Standard,-0.004638824610552831,1.0439029740584818,1.3257254968528236,-2.119019700574999,0,0,Poor,-0.679446586306011,0.7474310986120957,-0.09133056896761878,0.5616607871319691,1
UKL10733,Bageshwar,Udham Singh Nagar,Mid-Hill,Plain/Lower Hill,-0.08897997424282555,Standard,-0.7777762597026621,0.4499029062902888,1.5989907424711516,1.6842701160905658,0,1,Good,-0.15387086235582859,0.7474310986120957,0.5482274556835346,-0.43483547514543425,1
UKL10734,Chamoli,Champawat,High-Hill,Mid-Hill,-1.3360176050901043,Standard,-1.5509136947947713,-0.4751048328296442,-1.1058720277170473,1.2088588890073704,1,0,Moderate,-1.4106823761497413,0.7474310986120957,0.4219988981865968,-1.7989379131562728,1
UKL10735,Bageshwar,Nainital,Mid-Hill,Mid-Hill,-0.5914885129396634,Second Class,-0.3912075421566074,-0.7108911192719803,-0.5639731508129046,-0.5809245541293663,1,1,Good,0.3260026247291196,0.03452502281366723,0.6828712503469354,-0.5761911300429322,1
UKL10736,Tehri Garhwal,Pauri Garhwal,Mid-Hill,Mid-Hill,1.3505077352543062,Standard,-0.7777762597026621,1.533612953592564,1.4785687698257868,-0.077547960747159,0,0,Poor,1.0800895330054672,0.7474310986120957,1.1204635830029883,1.2705980961178922,1
UKL10737,Udham Singh Nagar,Rudraprayag,Plain/Lower Hill,High-Hill,-0.7071529541484134,Standard,-0.004638824610552831,0.2821318947832426,-0.1841807755467535,-1.280058711604654,0,0,Moderate,0.09749144040295256,0.7474310986120957,0.5650579300164601,-0.9588290742654669,1
UKL10738,Nainital,Uttarkashi,Mid-Hill,High-Hill,1.1833288790534242,First Class,0.7684986104815564,-1.0101583289872529,-0.8881861540888872,-0.27330552484023973,0,0,Moderate,0.7373227565162175,-0.9839122283269446,-0.8402866767827851,1.515913298940005,1
UKL10739,Haridwar,Pauri Garhwal,Plain/Lower Hill,Mid-Hill,-1.2679796984967218,Standard,-1.5509136947947713,-0.06247883155555653,-0.3462872771847449,0.03431350444888713,0,1,Moderate,0.48596045375743435,0.7474310986120957,0.5818884043493848,-1.3715712919661724,1
UKL10740,Almora,Pauri Garhwal,Mid-Hill,Mid-Hill,-0.6498067185911339,Standard,0.3819298929355018,1.7739335916972525,-1.7404031912714704,-0.21737479224221667,0,0,Good,-0.8165532969017096,0.7474310986120957,-0.024008671635918345,-0.6091876950190053,1
UKL10741,Chamoli,Dehradun,High-Hill,Plain/Lower Hill,0.2891163923975422,First Class,-0.7777762597026621,-0.19850938142613497,0.7236156336259986,-1.2520933453056424,0,0,Moderate,-0.5651909941429275,-0.9839122283269446,-1.4714294642674766,0.2657508513465441,1
UKL10742,Uttarkashi,Udham Singh Nagar,High-Hill,Plain/Lower Hill,-0.2600467108204722,Standard,-1.1643449772487167,0.07808606997737491,-0.980818440739168,0.23007106854196724,0,0,Poor,-0.6108932310081607,0.7474310986120957,0.6660407760140107,-0.5738284130446454,1
UKL10743,Udham Singh Nagar,Pauri Garhwal,Plain/Lower Hill,Mid-Hill,0.9442242358823946,Second Class,0.3819298929355018,-1.4590591435601616,-1.1290300993796174,-0.30127089113925126,0,0,Poor,1.3771540726294824,0.03452502281366723,0.0769741743616323,1.108874191235164,1
UKL10744,Tehri Garhwal,Pithoragarh,Mid-Hill,High-Hill,-1.5090282818561336,Second Class,0.7684986104815564,-0.32093687630965567,0.028873483748892693,0.5656554641301057,1,1,Good,-1.136468954958342,0.03452502281366723,-0.09133056896761878,-1.2313562590678477,1
UKL10745,Nainital,Udham Singh Nagar,Mid-Hill,Plain/Lower Hill,-0.12591483782209034,Standard,1.155067328027611,0.08262042163972727,1.2933041965252252,0.6215861967281288,0,0,Moderate,-0.9308088890647932,0.7474310986120957,0.9100826538414246,-0.3669277296946769,1
UKL10746,Pithoragarh,Chamoli,High-Hill,High-Hill,-1.1163523638028985,Second Class,-1.1643449772487167,-1.6993797816648502,-0.1378646322216131,0.23007106854196724,0,0,Moderate,0.07464032197033646,0.03452502281366723,-0.18389817779870707,-1.4074601484401479,1
UKL10747,Chamoli,Bageshwar,High-Hill,Mid-Hill,1.361199406290409,Standard,0.3819298929355018,-0.5295170527778758,0.9876176505792983,-0.4131323563352971,0,0,Good,0.8287272302466839,0.7474310986120957,0.6239645901816974,0.8876749963955639,1
UKL10748,Nainital,Udham Singh Nagar,Mid-Hill,Plain/Lower Hill,-1.6810669885279717,Standard,-1.1643449772487167,0.10982653161384269,-0.9159758400839716,-0.4970284552323317,0,0,Good,-0.9079577706321761,0.7474310986120957,-0.31012673529564483,-2.204469770362207,1
UKL10749,Nainital,Tehri Garhwal,Mid-Hill,Mid-Hill,1.3709191072323206,Standard,-1.9374824123408259,-0.6156697343625753,-0.6102892941380449,0.6495515630271402,0,0,Moderate,0.04036364432141231,0.7474310986120957,1.0531416856712879,0.5248757276586434,1
UKL10750,Rudraprayag,Nainital,High-Hill,Mid-Hill,-0.16576561168392823,Second Class,-0.3912075421566074,-0.6020666793755176,-0.5917628368079888,0.8453091271202203,1,0,Good,-0.2681264545189121,0.03452502281366723,0.08538941152809466,-0.24940292727989888,1
UKL10751,Haridwar,Rudraprayag,Plain/Lower Hill,High-Hill,1.0880758098226888,Standard,0.7684986104815564,0.517918181225578,0.538351060325437,-1.0843011475115736,0,0,Good,0.2345981509986532,0.7474310986120957,0.8175150450103363,0.9035622313840439,1
UKL10752,Champawat,Pithoragarh,Mid-Hill,High-Hill,-0.6604983896272368,Same Day,-0.3912075421566074,0.5269868845502834,0.49666653133281036,1.4605471856984742,1,1,Moderate,-0.9765111259300263,-2.6134118301519234,-1.1768961634412873,0.717152007519216,1
UKL10753,Pithoragarh,Champawat,High-Hill,Mid-Hill,1.1434781051915857,Standard,-0.3912075421566074,-0.008066611607325027,-0.24439176186943587,1.2647896216053933,0,1,Moderate,1.285749598899016,0.7474310986120957,1.1541245316688384,0.6860293215417848,1
UKL10754,Haridwar,Rudraprayag,Plain/Lower Hill,High-Hill,0.8985416414554095,Standard,-1.5509136947947713,-0.15316586480260883,-1.3559792016728052,1.0690320575123127,0,0,Moderate,0.07464032197033646,0.7474310986120957,0.5313969813506099,0.20000214039422143,1
UKL10755,Bageshwar,Pauri Garhwal,Mid-Hill,Mid-Hill,-1.9191996616048097,Standard,-0.7777762597026621,0.8534602042396717,-0.3092343625246324,0.0902442370469102,0,0,Moderate,-0.6337443494407778,0.7474310986120957,0.2284484433579579,-1.761623279183331,1
UKL10756,Dehradun,Haridwar,Plain/Lower Hill,Plain/Lower Hill,-1.8822647980255451,Second Class,-0.3912075421566074,-0.23931854638730812,-1.2818733723525806,0.006348138149875597,0,0,Moderate,-1.547789086745441,0.03452502281366723,-0.2764657866297946,-1.6060913222961133,1
UKL10757,Champawat,Chamoli,Mid-Hill,High-Hill,-1.1114925133319427,Second Class,-1.5509136947947713,0.5451242911996941,-0.4713408641626237,0.11820960334592173,0,0,Good,0.9658339408423825,0.03452502281366723,-0.024008671635918345,-1.1680110016137815,1
UKL10758,Pauri Garhwal,Haridwar,Mid-Hill,Plain/Lower Hill,-0.10647543593826683,Second Class,1.155067328027611,-0.14863151314025583,-0.5269202361527924,1.4325818193994626,0,0,Moderate,-0.679446586306011,0.03452502281366723,0.1358808345268696,0.6409747525744557,1
UKL10759,Rudraprayag,Uttarkashi,High-Hill,High-Hill,-0.24546715940760455,Standard,0.7684986104815564,0.3229410597444157,0.4827716883352684,-0.9165089497175044,0,0,Good,0.8744294671119182,0.7474310986120957,0.8427607565097242,-0.5903266955326821,1
UKL10760,Pauri Garhwal,Pithoragarh,Mid-Hill,High-Hill,-0.37959903240598697,First Class,0.3819298929355018,1.2479487988643494,-0.6195525228030732,1.3207203542034165,0,0,Good,-0.42808428354722783,-0.9839122283269446,-0.9496847599467981,0.3648627557746749,1
UKL10761,Nainital,Pithoragarh,Mid-Hill,High-Hill,1.835520812255703,Second Class,-0.3912075421566074,-0.19850938142613497,0.22803290004699625,-0.02161722814913594,0,0,Good,0.3717048615943518,0.03452502281366723,-0.03242390880238071,1.2313688466463382,1
UKL10762,Haridwar,Almora,Plain/Lower Hill,Mid-Hill,-0.36113160061635485,Same Day,0.7684986104815564,-0.9784178673507845,0.3252968010297908,0.425828632635048,0,0,Good,-1.136468954958342,-2.6134118301519234,-2.801036936568559,0.7041978005286103,1
UKL10763,Pithoragarh,Nainital,High-Hill,Mid-Hill,1.8549602141395265,Standard,-0.004638824610552831,-1.5452118251448614,1.6684649574588621,-0.10551332704617054,0,0,Poor,0.645918282785751,0.7474310986120957,1.3645054608304021,1.6436629628473687,1
UKL10764,Pithoragarh,Udham Singh Nagar,High-Hill,Plain/Lower Hill,-0.7644991897056929,Standard,-0.7777762597026621,0.13703264158795878,1.2423564388675703,0.006348138149875597,0,0,Moderate,-0.5194887572776943,0.7474310986120957,0.00965227702993187,-0.9532074372695434,1
UKL10765,Nainital,Chamoli,Mid-Hill,High-Hill,-0.25907474072628134,First Class,1.155067328027611,0.2594601364714795,-0.8511332394287751,0.8732744934192319,1,0,Good,0.5316626906226686,-0.9839122283269446,-1.0422523687778864,0.3164270573097971,1
UKL10766,Pauri Garhwal,Rudraprayag,Mid-Hill,High-Hill,0.2696769905137187,Standard,-0.7777762597026621,0.23225402649736343,-0.40186664917491316,-0.44109772263430863,0,0,Good,0.8972805855445343,0.7474310986120957,0.22003320619149552,-0.043805811928984896,1
UKL10767,Udham Singh Nagar,Uttarkashi,Plain/Lower Hill,High-Hill,-0.5292824269114281,Second Class,-1.1643449772487167,-0.5793949210637546,-0.23512853320440766,0.006348138149875597,0,1,Moderate,-1.7077469157737568,0.03452502281366723,0.49773603268475963,-0.74321077992182,1
UKL10768,Tehri Garhwal,Dehradun,Mid-Hill,Plain/Lower Hill,0.769269618927983,Second Class,0.7684986104815564,-2.384066882680095,-0.8696596967588311,-1.112266513810585,0,1,Good,-0.9079577706321761,0.03452502281366723,0.2705246291902705,0.700775934531091,1
UKL10769,Chamoli,Haridwar,High-Hill,Plain/Lower Hill,0.9967106209687179,Standard,-0.7777762597026621,0.8942693692008455,-0.7260796524508959,-1.7834353049868614,0,0,Moderate,1.4685585463599489,0.7474310986120957,0.5482274556835346,0.26786914934500794,1
UKL10770,Udham Singh Nagar,Pithoragarh,Plain/Lower Hill,High-Hill,-0.21533608648767844,Standard,-1.1643449772487167,-0.47057048116729183,1.2238299815375147,-1.1961626127076195,1,0,Good,-1.6848957973411407,0.7474310986120957,0.8848369423420367,-0.8580469733385477,1
UKL10771,Uttarkashi,Nainital,High-Hill,Mid-Hill,1.4302092829779827,Second Class,-0.3912075421566074,-0.2574559530367188,-1.217030771697384,1.4325818193994626,0,0,Moderate,0.006086966672486133,0.03452502281366723,0.9269131281743493,1.268072433119723,1
UKL10772,Haridwar,Almora,Plain/Lower Hill,Mid-Hill,0.08694661280577752,Standard,0.3819298929355018,-0.06701318321790889,0.8394059919388496,0.5936208304291172,0,0,Poor,-0.7937021784690935,0.7474310986120957,1.078387397170675,-0.07794299890423027,1
UKL10773,Tehri Garhwal,Rudraprayag,Mid-Hill,High-Hill,0.6225021347051152,Standard,-0.7777762597026621,0.3048036530950056,0.4271923163450998,-0.04958259444814747,0,0,Moderate,-0.49663763884507817,0.7474310986120957,0.47249032118537176,0.008011016033440899,1
UKL10774,Almora,Tehri Garhwal,Mid-Hill,Mid-Hill,0.17053604090621832,Second Class,-1.9374824123408259,2.336193197828977,0.7884582342811947,-0.16144405964419362,0,0,Good,1.925580915012281,0.03452502281366723,-0.6214905104547591,-0.3402860587139959,1
UKL10775,Champawat,Uttarkashi,Mid-Hill,High-Hill,0.588483181408424,Second Class,-0.004638824610552831,1.0212312157467187,0.23266451437951002,0.17414033594394418,0,0,Good,-0.5194887572776943,0.03452502281366723,-0.6046600361218344,-0.05574160642033007,1
UKL10776,Pauri Garhwal,Tehri Garhwal,Mid-Hill,Mid-Hill,0.5923710617851891,Standard,1.155067328027611,1.2479487988643494,-0.46207763549759584,0.7054822956251633,0,0,Good,-1.2507245471214257,0.7474310986120957,0.47249032118537176,0.47696960369338204,1
UKL10777,Udham Singh Nagar,Chamoli,Plain/Lower Hill,High-Hill,-0.6634142999098105,Second Class,0.3819298929355018,0.5813991044985148,-0.05912718856887431,0.11820960334592173,0,1,Good,0.645918282785751,0.03452502281366723,0.44724460968598395,-0.6628784019800719,1
UKL10778,Pithoragarh,Udham Singh Nagar,High-Hill,Plain/Lower Hill,-0.36015963052216343,Standard,0.3819298929355018,1.0076281607596609,0.10297931306911705,-0.21737479224221667,0,0,Moderate,-1.0907667180931089,0.7474310986120957,0.4135836610201337,-0.6836947534649772,1
UKL10779,Pauri Garhwal,Pithoragarh,Mid-Hill,High-Hill,1.0161500228525415,Second Class,-1.5509136947947713,1.1708648206043548,0.7236156336259986,-2.1749504331730223,0,1,Good,0.04036364432141231,0.03452502281366723,-0.06608485746823092,-0.10861758338198688,1
UKL10780,Champawat,Almora,Mid-Hill,Mid-Hill,-1.6975904801292219,Standard,0.3819298929355018,-0.6111353827002226,1.5341481418159555,1.7122354823895773,0,0,Good,1.2400473620337817,0.7474310986120957,0.40516842385367136,-1.7477321326934043,1
UKL10781,Udham Singh Nagar,Tehri Garhwal,Plain/Lower Hill,Mid-Hill,0.39894901304114466,First Class,-0.3912075421566074,2.445017637725439,-0.7029215807883257,0.5656554641301057,0,0,Moderate,-2.1190670475608555,-0.9839122283269446,-1.1937266377742124,1.227376669649233,1
UKL10782,Pithoragarh,Uttarkashi,High-Hill,High-Hill,1.4593683858037179,Second Class,-0.7777762597026621,-0.6972880642849226,0.4457187736751562,0.929205226017255,1,1,Good,-0.13101974392321247,0.03452502281366723,0.3546770008548964,1.0644714062673626,1
UKL10783,Haridwar,Almora,Plain/Lower Hill,Mid-Hill,0.046123868849748235,Second Class,-1.1643449772487167,1.9190328448925362,0.23266451437951002,-1.168197246408608,0,0,Poor,-0.679446586306011,0.03452502281366723,-0.03242390880238071,0.1936879828987993,1
UKL10784,Tehri Garhwal,Chamoli,Mid-Hill,High-Hill,1.1619455369812177,Standard,0.3819298929355018,-0.6474101959990438,0.17245352805682765,0.2021057022429557,0,0,Good,-0.7708510600364774,0.7474310986120957,0.5398122185170722,0.8011914069582764,1
UKL10785,Chamoli,Almora,High-Hill,Mid-Hill,1.1512538659451153,First Class,-0.004638824610552831,0.5904678078232203,1.4044629405055618,2.3274735409678304,0,0,Moderate,-0.5194887572776943,-0.9839122283269446,-0.7056428821193851,1.4256412150054643,1
UKL10786,Udham Singh Nagar,Rudraprayag,Plain/Lower Hill,High-Hill,-0.7732469205534133,First Class,0.7684986104815564,-0.23931854638730812,-0.980818440739168,0.6215861967281288,0,0,Good,-0.13101974392321247,-0.9839122283269446,-1.084328554610199,-0.048409036425646444,1
UKL10787,Champawat,Rudraprayag,Mid-Hill,High-Hill,2.0299148310939388,Standard,0.3819298929355018,-0.7290285259213907,-2.1896697815253323,0.8453091271202203,0,1,Good,2.0626876256079796,0.7474310986120957,0.8764217051755744,1.1893287786768234,1
UKL10788,Haridwar,Bageshwar,Plain/Lower Hill,Mid-Hill,-1.3690645882926042,Second Class,-0.004638824610552831,0.8489258525773195,0.2836122720371648,-1.4198855430997117,0,0,Good,0.5545138090552847,0.03452502281366723,-0.35220292112795737,-1.1532643886244747,1
UKL10789,Pauri Garhwal,Haridwar,Mid-Hill,Plain/Lower Hill,-0.5156748455927516,First Class,-0.3912075421566074,-1.7220515399766132,-1.6524025189537037,-0.8326128508204698,0,0,Moderate,-0.6337443494407778,-0.9839122283269446,-0.8150409652833981,-0.07488776140644574,1
UKL10790,Chamoli,Bageshwar,High-Hill,Mid-Hill,0.6215301646109243,Standard,-1.5509136947947713,-0.3889521512449449,-0.9576603690765978,-0.3292362574382628,0,0,Good,-0.3823820466819946,0.7474310986120957,0.7838540963444861,-0.42253305215435527,1
UKL10791,Rudraprayag,Pithoragarh,High-Hill,High-Hill,-1.706338210976942,Standard,3.087910915757884,-0.23478419472495576,0.3299284153623052,0.425828632635048,0,0,Moderate,0.05178920353772036,0.7474310986120957,-0.18389817779870707,-0.8648092323336446,1
UKL10792,Haridwar,Rudraprayag,Plain/Lower Hill,High-Hill,0.5437725570756302,First Class,-0.3912075421566074,-0.4478987228555288,-0.02670588824127591,-0.27330552484023973,0,0,Moderate,0.5316626906226686,-0.9839122283269446,-0.5120924272907461,0.7526742354934576,1
UKL10793,Nainital,Champawat,Mid-Hill,Mid-Hill,1.0919636901994532,Standard,-0.3912075421566074,-0.47057048116729183,-0.13323301788909866,1.4605471856984742,0,1,Good,0.14319367726818677,0.7474310986120957,0.7586083848450983,0.8058353679549093,1
UKL10794,Pauri Garhwal,Bageshwar,Mid-Hill,Mid-Hill,0.8839620900425418,Second Class,0.3819298929355018,1.320498425461991,-0.16565431821669707,0.8453091271202203,1,1,Poor,1.0800895330054672,0.03452502281366723,2.0040634854815553,1.110340705234101,1
UKL10795,Udham Singh Nagar,Champawat,Plain/Lower Hill,Mid-Hill,-0.7790787411185605,Standard,0.7684986104815564,-1.5361431218201562,0.34382325835984723,-0.2453401585412282,0,0,Good,-0.15387086235582859,0.7474310986120957,-0.3185419724621072,-1.331201420495446,1
UKL10796,Haridwar,Nainital,Plain/Lower Hill,Mid-Hill,-0.3378043183557663,Second Class,-0.3912075421566074,0.2730631914585372,-0.8696596967588311,-0.5529591878303548,0,1,Good,-1.319277902419275,0.03452502281366723,0.2284484433579579,-0.2228019927991874,1
UKL10797,Rudraprayag,Tehri Garhwal,High-Hill,Mid-Hill,0.2084428745796745,Same Day,1.92820476311972,0.01007079504208569,0.03350509808140647,1.6563047497915542,0,1,Moderate,-1.8905558632346895,-2.6134118301519234,-1.3536161439370007,1.846204840700498,1
UKL10798,Dehradun,Champawat,Plain/Lower Hill,Mid-Hill,-1.0755296198468691,First Class,-0.004638824610552831,-1.9079599581330706,0.8579324492689053,-1.9791928690799419,0,0,Good,1.0800895330054672,-0.9839122283269446,-1.7407170535942778,-0.5872307215349272,1
UKL10799,Pithoragarh,Dehradun,High-Hill,Plain/Lower Hill,0.7216430843126156,Second Class,-0.7777762597026621,-0.8922651857660849,0.4179290876800716,0.006348138149875597,0,0,Good,0.8744294671119182,0.03452502281366723,0.10221988586102015,0.44055117271979016,1
UKL10800,Almora,Pithoragarh,Mid-Hill,High-Hill,-0.8373969467700311,Standard,0.7684986104815564,2.2455061645819248,0.4735084596702402,-0.3572016237372743,0,0,Moderate,-0.7708510600364774,0.7474310986120957,0.3041855778561207,-0.600877449025031,1
UKL10801,Almora,Dehradun,Mid-Hill,Plain/Lower Hill,-1.787983698889001,Standard,0.3819298929355018,-0.6519445476613964,1.1497241522172896,-1.224127979006631,1,1,Good,0.34885374316173573,0.7474310986120957,0.7165321990127856,-1.9565474315419844,1
UKL10802,Almora,Champawat,Mid-Hill,Mid-Hill,0.831475704956218,Standard,0.3819298929355018,0.5995365111479256,1.0107757222418685,-1.8393660375848844,0,1,Good,0.2574492694312693,0.7474310986120957,0.5482274556835346,0.2274585413743118,1
UKL10803,Tehri Garhwal,Bageshwar,Mid-Hill,Mid-Hill,-0.3543278099570167,Standard,0.7684986104815564,-0.2302498430626034,1.080249937229579,-1.1402318801095963,0,0,Poor,-0.47378652041246105,0.7474310986120957,0.44724460968598395,-0.09721136339025813,1
UKL10804,Uttarkashi,Dehradun,High-Hill,Plain/Lower Hill,1.3680031969497475,Standard,0.3819298929355018,0.11889523493854806,0.422560702012586,-0.8605782171194813,0,0,Moderate,0.16604479570080288,0.7474310986120957,0.9942350255060497,0.7766272974760888,1
UKL10805,Tehri Garhwal,Rudraprayag,Mid-Hill,High-Hill,-0.6391150475550311,Standard,-0.004638824610552831,-0.10782234817908268,-0.9669235977416261,0.7893783945221979,0,0,Moderate,0.8515783486793,0.7474310986120957,1.0615569228377502,-0.7605645289092361,1
UKL10806,Chamoli,Uttarkashi,High-Hill,High-Hill,1.2552546660235708,Standard,1.155067328027611,1.3068953704749333,0.7745633912836527,1.348685720502428,0,0,Moderate,-1.2964267839866588,0.7474310986120957,0.6912864875133978,0.5781590696200054,1
UKL10807,Bageshwar,Udham Singh Nagar,Mid-Hill,Plain/Lower Hill,0.015020825835630166,Standard,-2.3240511298868807,0.3773532796926472,1.0617234798995232,0.006348138149875597,0,0,Moderate,-0.4052331651146117,0.7474310986120957,0.5818884043493848,-0.6524905944876047,1
UKL10808,Uttarkashi,Chamoli,High-Hill,High-Hill,0.8567469274051888,Second Class,1.155067328027611,-1.2504789670919414,0.29287550070219237,1.292754987904405,0,0,Good,-0.10816862549059639,0.03452502281366723,0.18637225752564532,0.969351678836337,1
UKL10809,Dehradun,Nainital,Plain/Lower Hill,Mid-Hill,0.5350248262279093,Second Class,-0.3912075421566074,-0.23478419472495576,0.4179290876800716,-0.944474316016516,0,1,Good,1.2400473620337817,0.03452502281366723,-0.7729647794510847,-0.03402905193607402,1
UKL10810,Rudraprayag,Dehradun,High-Hill,Plain/Lower Hill,0.27939669145563045,Standard,-0.7777762597026621,-0.3390742829590658,0.552245903322979,-0.44109772263430863,0,0,Moderate,-1.570640205178057,0.7474310986120957,0.6660407760140107,-0.08169075690151292,1
UKL10811,Champawat,Pithoragarh,Mid-Hill,High-Hill,1.7946980682996736,Second Class,-0.7777762597026621,1.0212312157467187,1.080249937229579,1.544443284595508,0,0,Moderate,0.8058761118140678,0.03452502281366723,1.1288788201694506,1.2690908456189847,1
UKL10812,Udham Singh Nagar,Bageshwar,Plain/Lower Hill,Mid-Hill,0.3182754952232775,Standard,0.7684986104815564,-0.6700819543108069,0.09371608440408885,-1.280058711604654,0,1,Good,0.2803003878638854,0.7474310986120957,-0.3858638697938076,-0.11558352487693575,1
UKL10813,Almora,Champawat,Mid-Hill,Mid-Hill,-1.4623737173349571,Standard,-1.1643449772487167,0.01007079504208569,-1.078082341721963,-1.7275045723888383,0,1,Moderate,0.006086966672486133,0.7474310986120957,0.9942350255060497,-1.7748219051737604,1
UKL10814,Dehradun,Bageshwar,Plain/Lower Hill,Mid-Hill,0.5428005869814388,First Class,2.314773480665775,-0.842387317480206,-2.009036822557285,0.2021057022429557,0,1,Poor,0.3031515062965035,-0.9839122283269446,-0.21755912646455727,1.1827294656816092,1
UKL10815,Dehradun,Chamoli,Plain/Lower Hill,High-Hill,-0.08800800414863416,First Class,-0.3912075421566074,-0.14409716147790347,-0.5083937788227363,0.06227887074789867,0,0,Poor,0.48596045375743435,-0.9839122283269446,-0.8150409652833981,0.33072556879942866,1
UKL10816,Almora,Udham Singh Nagar,Mid-Hill,Plain/Lower Hill,-0.6468908083085604,Standard,-0.7777762597026621,-0.5521888110896388,0.35308648702487544,0.7614130282231864,1,0,Moderate,-0.245275336086295,0.7474310986120957,0.17795702035918295,-0.537165563071231,1
UKL10817,Champawat,Haridwar,Mid-Hill,Plain/Lower Hill,-1.0891372011655454,Second Class,-0.3912075421566074,0.839857149252614,-1.4532431026556,-1.0843011475115736,0,0,Good,-0.4052331651146117,0.03452502281366723,-0.6467362219541469,-1.4840855048845842,1
UKL10818,Pithoragarh,Champawat,High-Hill,Mid-Hill,0.4932301121776892,Second Class,0.7684986104815564,0.4771090162644049,-0.4713408641626237,0.03431350444888713,0,0,Moderate,-0.016764151760129964,0.03452502281366723,-0.37744863262734524,0.5878950931129459,1
UKL10819,Almora,Chamoli,Mid-Hill,High-Hill,1.0579447369027621,First Class,1.155067328027611,-1.0146926806496057,-1.680192204948788,0.2021057022429557,1,0,Good,-1.9362581000999228,-0.9839122283269446,-0.41952481845965783,1.4041730795210319,1
UKL10820,Pauri Garhwal,Champawat,Mid-Hill,Mid-Hill,1.069608378033056,Standard,-0.004638824610552831,-0.28466206301083424,-0.5547099221478766,0.3419325337380134,0,1,Good,-0.8394044153343267,0.7474310986120957,1.2635226148328516,0.3359398407956475,1
UKL10821,Nainital,Dehradun,Mid-Hill,Plain/Lower Hill,-0.4933195334263547,Standard,0.3819298929355018,-0.30279946966024496,1.0895131658946073,-0.44109772263430863,1,0,Good,-1.799151389504223,0.7474310986120957,0.32101605218904616,-0.6958342304561745,1
UKL10822,Udham Singh Nagar,Uttarkashi,Plain/Lower Hill,High-Hill,-1.0658099189049575,Same Day,0.3819298929355018,-0.5612575144143441,-0.02670588824127591,-0.44109772263430863,0,0,Moderate,-2.0962159291282383,-2.6134118301519234,-2.9693416798978096,-0.11423922037791086,1
UKL10823,Udham Singh Nagar,Uttarkashi,Plain/Lower Hill,High-Hill,1.4107698810941591,Second Class,0.7684986104815564,0.9758876991231925,-1.314294672680179,-0.6927860193254124,0,0,Moderate,0.16604479570080288,0.03452502281366723,0.06855893719516994,1.2649357226219977,1
UKL10824,Tehri Garhwal,Haridwar,Mid-Hill,Plain/Lower Hill,-2.0445838037554713,First Class,-0.3912075421566074,-0.30733382132259734,0.464245231005212,-0.27330552484023973,1,0,Good,0.6687694012183671,-0.9839122283269446,-1.404107566935776,-1.639169360272127,1
UKL10825,Rudraprayag,Champawat,High-Hill,Mid-Hill,-0.4631884605064283,Standard,-0.3912075421566074,1.1708648206043548,-1.5088224746457684,0.006348138149875597,0,0,Good,-0.1995730992210628,0.7474310986120957,0.5987188786823103,-0.9695020372577277,1
UKL10826,Chamoli,Champawat,High-Hill,Mid-Hill,0.27064896060790955,First Class,-1.9374824123408259,-0.5476544594272861,-0.6334473658006151,0.36989790003702494,0,0,Moderate,-1.6620446789085235,-0.9839122283269446,-0.8487019139492482,0.3729693192687966,1
UKL10827,Almora,Dehradun,Mid-Hill,Plain/Lower Hill,0.9704674284255562,Standard,-1.1643449772487167,-1.255013318754294,-0.017442659576247698,-0.6088899204283779,0,0,Poor,0.9429828224097664,0.7474310986120957,1.3813359351633268,0.3496680412856931,1
UKL10828,Bageshwar,Pauri Garhwal,Mid-Hill,Mid-Hill,-0.9034909131750308,Standard,-2.3240511298868807,1.8056740533337208,-0.36018212018228685,0.0902442370469102,0,0,Good,0.006086966672486133,0.7474310986120957,-0.46160100429197115,-1.4676279588965182,1
UKL10829,Udham Singh Nagar,Almora,Plain/Lower Hill,Mid-Hill,-0.9705568496742221,First Class,-1.1643449772487167,-0.2755933596861295,0.3762445586874456,0.23007106854196724,0,0,Good,0.6916205196509853,-0.9839122283269446,-0.8907780997815609,-0.8497774638445444,1
UKL10830,Uttarkashi,Champawat,High-Hill,Mid-Hill,-0.771302980365031,Same Day,0.3819298929355018,-1.0146926806496057,0.9968808792443264,-1.2520933453056424,0,0,Moderate,0.623067164353135,-2.6134118301519234,-2.666393141905158,0.43786256372173943,1
UKL10831,Dehradun,Pauri Garhwal,Plain/Lower Hill,Mid-Hill,-1.2038296722801043,Standard,-0.004638824610552831,0.944147237486724,2.1686793053703783,-1.8114006712858728,0,1,Moderate,-1.7305980342063738,0.7474310986120957,0.16954178319271984,-1.4231844374287457,1
UKL10832,Chamoli,Pauri Garhwal,High-Hill,Mid-Hill,1.2951054398854094,Second Class,1.155067328027611,-0.2665246563614242,-1.0502926557268786,-0.3851669900362859,0,0,Poor,0.16604479570080288,0.03452502281366723,0.7165321990127856,1.7486816597712156,1
UKL10833,Pithoragarh,Dehradun,High-Hill,Plain/Lower Hill,0.5612680187710715,Standard,0.7684986104815564,0.07355171831502191,0.6495098043057735,-0.4970284552323317,0,1,Good,1.1943451251685495,0.7474310986120957,0.4640750840189094,0.16680189291829578,1
UKL10834,Haridwar,Pithoragarh,Plain/Lower Hill,High-Hill,0.04417992866136544,Standard,0.3819298929355018,0.418162444653821,0.49666653133281036,-0.7766821182224467,0,1,Good,-1.5020868498802078,0.7474310986120957,-0.05766962030176856,-0.4332467516465864,1
UKL10835,Bageshwar,Pauri Garhwal,Mid-Hill,Mid-Hill,0.0033571847053361636,Standard,-0.7777762597026621,-0.8242499108307957,-0.0961801032289865,0.36989790003702494,0,1,Good,-0.1767219807884467,0.7474310986120957,0.6492103016810852,-0.19501969981933362,1
UKL10836,Rudraprayag,Almora,High-Hill,Mid-Hill,1.2124879818791594,Second Class,3.087910915757884,1.5608190635666794,-0.9020809970864295,0.17414033594394418,0,0,Good,-0.7937021784690935,0.03452502281366723,-0.33537244679503264,1.066426758265944,1
UKL10837,Tehri Garhwal,Pithoragarh,Mid-Hill,High-Hill,-0.8830795411970163,Standard,0.3819298929355018,0.4907120712514626,0.11687415606665903,0.7054822956251633,0,0,Poor,-0.9079577706321761,0.7474310986120957,0.6828712503469354,-0.7132287159435611,1
UKL10838,Chamoli,Pithoragarh,High-Hill,High-Hill,0.361042179367689,Standard,-0.004638824610552831,-0.09875364485437732,-0.29533951952709037,-0.3292362574382628,0,0,Moderate,-0.1995730992210628,0.7474310986120957,0.6660407760140107,-0.23457484129065087,1
UKL10839,Pauri Garhwal,Almora,Mid-Hill,Mid-Hill,1.012262142475777,First Class,0.3819298929355018,0.9577502924737817,0.25119097170956645,0.9012398597182435,0,0,Moderate,0.006086966672486133,-0.9839122283269446,-0.09133056896761878,1.3628662685509854,1
UKL10840,Haridwar,Udham Singh Nagar,Plain/Lower Hill,Plain/Lower Hill,-0.8412848271467955,First Class,-0.3912075421566074,0.4907120712514626,-0.9298706830815135,-0.5249938215313432,0,0,Good,0.6687694012183671,-0.9839122283269446,-1.1095742661095869,-0.7105808434454812,1
UKL10841,Champawat,Rudraprayag,Mid-Hill,High-Hill,-0.11327922659760495,Standard,-0.3912075421566074,-0.4433643711931758,-0.6566054374631853,0.14617496964493265,0,0,Good,-0.06246638862536216,0.7474310986120957,0.5734731671829224,-0.5387542865700788,1
UKL10842,Bageshwar,Uttarkashi,Mid-Hill,High-Hill,0.553492258017542,Second Class,-1.1643449772487167,-0.1395628098155511,0.20950644271693983,2.047819877977716,0,0,Good,0.3717048615943518,0.03452502281366723,0.6155493530152351,0.25124865735706037,1
UKL10843,Pauri Garhwal,Pithoragarh,Mid-Hill,High-Hill,0.4883702617067333,First Class,-0.004638824610552831,-0.2665246563614242,-0.1934440042117817,-0.6927860193254124,0,0,Good,0.9429828224097664,-0.9839122283269446,-0.5205076644572084,0.8315400994362696,1
UKL10844,Pithoragarh,Udham Singh Nagar,High-Hill,Plain/Lower Hill,0.9432522657882032,Standard,-0.004638824610552831,1.37037629374787,-1.434716645325544,0.36989790003702494,0,0,Poor,2.0626876256079796,0.7474310986120957,1.6085473386578153,0.669286620053925,1
UKL10845,Udham Singh Nagar,Haridwar,Plain/Lower Hill,Plain/Lower Hill,-1.9279473924525303,Standard,-1.5509136947947713,0.005536443379732688,0.8764589065989618,-0.21737479224221667,0,0,Good,0.34885374316173573,0.7474310986120957,-0.7308885936187721,-2.5890223300833535,0
UKL10846,Haridwar,Dehradun,Plain/Lower Hill,Plain/Lower Hill,-2.2943801179626035,First Class,-0.3912075421566074,-2.715074554031837,0.052031555411462885,0.6495515630271402,0,1,Good,-0.7251488231712442,-0.9839122283269446,-0.8234562024498604,-1.5163488128611886,1
UKL10847,Tehri Garhwal,Udham Singh Nagar,Mid-Hill,Plain/Lower Hill,-0.014138276990105114,Second Class,-0.3912075421566074,-0.5431201077649335,-0.37407696317982886,-0.1334786933451821,0,0,Moderate,1.6513674938208818,0.03452502281366723,-0.7982104909504726,-0.3866441956803799,1
UKL10848,Chamoli,Dehradun,High-Hill,Plain/Lower Hill,-0.1472981798942961,Standard,0.3819298929355018,0.309338004757358,-0.6751318947932414,-0.30127089113925126,0,0,Good,-0.6565954678733938,0.7474310986120957,0.8006845706774108,-0.3872552431799367,1
UKL10849,Tehri Garhwal,Udham Singh Nagar,Mid-Hill,Plain/Lower Hill,0.26578911013695367,Standard,1.5416360455736655,0.8806663142137872,0.5754039749855492,0.45379399893405953,0,0,Poor,-0.016764151760129964,0.7474310986120957,1.2046159546676134,0.32143764680616377,1
UKL10850,Bageshwar,Nainital,Mid-Hill,Mid-Hill,-0.9025189430808397,Second Class,0.7684986104815564,1.1980709305784703,-1.5180857033107966,0.2021057022429557,0,1,Good,-1.6848957973411407,0.03452502281366723,-0.7056428821193851,-0.6828800234655679,1
UKL10851,Almora,Haridwar,Mid-Hill,Plain/Lower Hill,-0.04426934991003124,Second Class,-0.3912075421566074,2.7352161441160083,-0.5408150791503343,-0.6368552867273893,0,0,Moderate,0.04036364432141231,0.03452502281366723,-0.024008671635918345,-0.31230008323428954,1
UKL10852,Tehri Garhwal,Bageshwar,Mid-Hill,Mid-Hill,0.019880676306586045,Standard,-0.004638824610552831,0.5813991044985148,0.5429826746579508,0.2021057022429557,0,1,Good,-0.42808428354722783,0.7474310986120957,0.6071341158487726,-0.36945339269284544,1
UKL10853,Haridwar,Uttarkashi,Plain/Lower Hill,High-Hill,-0.3076732454358401,Standard,-0.7777762597026621,0.3818876313549996,0.26045420037459466,2.355438907266842,1,0,Good,1.1943451251685495,0.7474310986120957,2.0545549084803305,-0.5328474940743624,1
UKL10854,Tehri Garhwal,Uttarkashi,Mid-Hill,High-Hill,-1.212577403127825,First Class,-0.004638824610552831,1.3613075904231646,-0.4435511781675394,-0.8605782171194813,0,1,Poor,-0.06246638862536216,-0.9839122283269446,-1.1853114006077496,-0.05574160642033007,1
UKL10855,Almora,Dehradun,Mid-Hill,Plain/Lower Hill,-0.08995194433701639,Standard,-1.5509136947947713,-0.5839292727261072,-0.7260796524508959,-1.1961626127076195,0,0,Moderate,1.948432033444897,0.7474310986120957,0.6744560131804731,-0.05574160642033007,1
UKL10856,Chamoli,Udham Singh Nagar,High-Hill,Plain/Lower Hill,0.08694661280577752,First Class,0.3819298929355018,-0.6791506576355119,-0.2166020758743519,-1.000405048614539,0,0,Good,0.8515783486793,-0.9839122283269446,-1.5303361244327143,0.545284714143844,1
UKL10857,Uttarkashi,Dehradun,High-Hill,Plain/Lower Hill,-0.7528355485753986,Second Class,-0.3912075421566074,-0.2574559530367188,-1.448611488323086,0.425828632635048,0,1,Poor,-0.03961527019274606,0.03452502281366723,-0.08291533180115641,-0.5748468255439069,1
UKL10858,Udham Singh Nagar,Champawat,Plain/Lower Hill,Mid-Hill,0.470874800011292,Standard,0.3819298929355018,1.1980709305784703,-1.1058720277170473,-2.202915799472034,0,0,Good,0.3945559800269679,0.7474310986120957,0.5566426928499969,0.1986578358951956,1
UKL10859,Udham Singh Nagar,Nainital,Plain/Lower Hill,Mid-Hill,0.44657554765651264,Standard,-0.3912075421566074,1.111918248993771,1.0293021795719248,-0.4131323563352971,0,0,Good,-1.5020868498802078,0.7474310986120957,0.6912864875133978,-0.441353315140708,1
UKL10860,Tehri Garhwal,Nainital,Mid-Hill,Mid-Hill,0.9257568040927625,Second Class,0.3819298929355018,-1.8988912548083654,-1.6153496042935915,1.7961315812866119,0,1,Moderate,-0.06246638862536216,0.03452502281366723,0.4640750840189094,1.3469790335625054,1
UKL10861,Uttarkashi,Dehradun,High-Hill,Plain/Lower Hill,0.2084428745796745,Second Class,-1.9374824123408259,-0.32093687630965567,-0.6334473658006151,0.39786326633603647,0,1,Good,-0.3138286913841453,0.03452502281366723,-0.5625838502895211,-0.1443434938560806,1
UKL10862,Chamoli,Tehri Garhwal,High-Hill,Mid-Hill,0.18511559231908595,Standard,0.3819298929355018,0.15970439989972185,0.014978640751350048,-0.8885435834184928,0,0,Good,-1.7305980342063738,0.7474310986120957,0.5482274556835346,-0.19954145131605525,1
UKL10863,Tehri Garhwal,Pithoragarh,Mid-Hill,High-Hill,-0.018026157366869598,Same Day,-1.1643449772487167,-0.7471659325708011,0.6726678759683438,-0.6927860193254124,0,0,Moderate,-1.2278734286888084,-2.6134118301519234,-1.4714294642674766,0.7185777850181827,1
UKL10864,Haridwar,Champawat,Plain/Lower Hill,Mid-Hill,-0.7081249242426045,Same Day,-0.3912075421566074,0.6176739177973357,-0.5361834648178202,-1.2520933453056424,0,0,Poor,-1.2278734286888084,-2.6134118301519234,-2.556995058741145,0.4775399146929679,1
UKL10865,Udham Singh Nagar,Dehradun,Plain/Lower Hill,Plain/Lower Hill,-1.5187479827980455,Second Class,-0.7777762597026621,-0.017135314932030386,2.4558393939862486,-1.0283704149135506,0,1,Good,0.14319367726818677,0.03452502281366723,-0.6972276449529219,-1.3272499799983115,1
UKL10866,Chamoli,Pauri Garhwal,High-Hill,Mid-Hill,0.6526332076250418,Standard,1.5416360455736655,-0.0851505898673196,0.04739994107894845,0.006348138149875597,0,1,Good,0.8515783486793,0.7474310986120957,0.6071341158487726,0.5161173801649941,1
UKL10867,Pithoragarh,Haridwar,High-Hill,Plain/Lower Hill,1.2270675332920271,First Class,-0.7777762597026621,-0.1214254031661404,0.10297931306911705,-0.8605782171194813,0,0,Moderate,0.6687694012183671,-0.9839122283269446,-1.6144884960973398,1.419612213009836,1
UKL10868,Nainital,Pithoragarh,Mid-Hill,High-Hill,-0.4019543445723841,Second Class,0.3819298929355018,-0.10328799651672968,1.3674100258454496,-0.10551332704617054,1,0,Good,2.0626876256079796,0.03452502281366723,0.06014370002870682,-0.541687314567952,1
UKL10869,Almora,Chamoli,Mid-Hill,High-Hill,0.8645226881587182,Standard,-0.3912075421566074,-0.2619903046990712,-0.37407696317982886,0.006348138149875597,0,0,Moderate,0.12034255883557068,0.7474310986120957,0.6407950645146229,0.23385417186967383,1
UKL10870,Dehradun,Pithoragarh,Plain/Lower Hill,High-Hill,1.0822439892575415,Standard,1.155067328027611,-1.0600361972731318,0.320665186697277,-0.04958259444814747,0,1,Good,-0.35953092824937855,0.7474310986120957,1.0363112113383623,0.6889623495396581,1
UKL10871,Pithoragarh,Haridwar,High-Hill,Plain/Lower Hill,0.8217560040143063,Standard,-0.7777762597026621,-2.46115086094009,1.538779756148469,0.7054822956251633,0,0,Moderate,-0.6108932310081607,0.7474310986120957,0.9100826538414246,-0.008405793454654548,1
UKL10872,Almora,Nainital,Mid-Hill,Mid-Hill,0.2619012297601892,Standard,-0.3912075421566074,-1.6812423750154397,-0.94839714041157,-1.1402318801095963,0,1,Good,0.05178920353772036,0.7474310986120957,0.4135836610201337,-0.13851817436030542,1
UKL10873,Uttarkashi,Udham Singh Nagar,High-Hill,Plain/Lower Hill,0.1647042203410716,Standard,0.3819298929355018,-1.2640820220789994,0.39940263035001583,0.8453091271202203,0,0,Good,1.4457074279273328,0.7474310986120957,-0.03242390880238071,-0.3343385297183085,1
UKL10874,Nainital,Haridwar,Mid-Hill,Plain/Lower Hill,0.41450053454820374,Second Class,0.3819298929355018,1.49280378863139,-0.6241841371355872,-1.168197246408608,0,1,Good,0.6002160459205189,0.03452502281366723,-0.5036771901242837,0.1748269834124766,1
UKL10875,Udham Singh Nagar,Champawat,Plain/Lower Hill,Mid-Hill,0.4494914579390863,Second Class,0.3819298929355018,-1.336631648676641,1.9000456740845642,-0.4970284552323317,0,0,Poor,-0.6108932310081607,0.03452502281366723,0.40516842385367136,0.7985435344601961,1
UKL10876,Tehri Garhwal,Chamoli,Mid-Hill,High-Hill,1.348563795065924,First Class,-0.7777762597026621,1.592559525203148,0.7050891762959421,1.6842701160905658,0,1,Poor,0.8287272302466839,-0.9839122283269446,0.16954178319271984,1.6198321103646496,1
UKL10877,Tehri Garhwal,Champawat,Mid-Hill,Mid-Hill,0.212330754956439,Standard,-0.7777762597026621,-0.4433643711931758,-0.38797180617737115,0.8173437608212094,0,0,Moderate,0.645918282785751,0.7474310986120957,1.4234121209956394,-0.23424894929088746,1
UKL10878,Udham Singh Nagar,Chamoli,Plain/Lower Hill,High-Hill,0.8927098208902622,Second Class,-0.004638824610552831,-2.030387453016591,0.11687415606665903,-0.8046474845214583,0,0,Poor,-0.9308088890647932,0.03452502281366723,-0.2007286521316318,0.847671753424572,1
UKL10879,Bageshwar,Tehri Garhwal,Mid-Hill,Mid-Hill,0.4630990392577625,Same Day,-0.004638824610552831,-0.8378529658178534,2.1547844623728363,-2.007158235378953,0,0,Good,2.0626876256079796,-2.6134118301519234,-2.624316956072845,1.3755353200417981,1
UKL10880,Dehradun,Bageshwar,Plain/Lower Hill,Mid-Hill,0.13068526704438044,Standard,0.3819298929355018,1.6288343385019686,-0.04523234557133233,-1.867331403883896,0,0,Good,0.6916205196509853,0.7474310986120957,0.3715074751878211,-0.43442811014573,1
UKL10881,Uttarkashi,Champawat,High-Hill,Mid-Hill,1.0560007967143799,Standard,-0.7777762597026621,-2.021318749691886,-1.3050314440151507,0.7614130282231864,0,0,Moderate,1.514260783225181,0.7474310986120957,0.8259302821767986,0.1445190274344538,1
UKL10882,Pithoragarh,Chamoli,High-Hill,High-Hill,2.3662164836840844,Standard,1.155067328027611,-0.996555274000195,-0.18881238987926727,-0.27330552484023973,0,0,Good,-1.136468954958342,0.7474310986120957,1.5328102041596525,1.9636481701153352,1
UKL10883,Bageshwar,Udham Singh Nagar,Mid-Hill,Plain/Lower Hill,-0.09772770509054592,Standard,-0.3912075421566074,0.8217197426032034,0.20487482838442606,-0.4970284552323317,0,0,Moderate,-0.88510665219956,0.7474310986120957,0.6071341158487726,-0.3401231127141137,1
UKL10884,Haridwar,Tehri Garhwal,Plain/Lower Hill,Mid-Hill,-0.06662466207642839,First Class,1.155067328027611,-1.1461888788578314,-1.4254534166605157,-0.9165089497175044,0,1,Good,-0.35953092824937855,-0.9839122283269446,-0.7729647794510847,0.4907792771833676,1
UKL10885,Tehri Garhwal,Pithoragarh,Mid-Hill,High-Hill,0.1996951437319536,Second Class,-0.004638824610552831,-1.5134713635083932,-2.0831426518775094,0.5376900978310941,0,1,Good,0.2574492694312693,0.03452502281366723,0.1358808345268696,0.08593994047693217,1
UKL10886,Nainital,Uttarkashi,Mid-Hill,High-Hill,0.521417244909233,Second Class,-0.004638824610552831,0.8081166876161456,-0.628815751468101,0.6775169293261518,0,0,Good,0.16604479570080288,0.03452502281366723,0.49773603268475963,0.5979570086056488,1
UKL10887,Almora,Rudraprayag,Mid-Hill,High-Hill,-1.0794175002236337,Standard,-0.7777762597026621,-0.810646855843738,-2.5370408564638853,0.8453091271202203,0,0,Moderate,-1.959109218532539,0.7474310986120957,0.4135836610201337,-1.2833767695301257,1
UKL10888,Rudraprayag,Tehri Garhwal,High-Hill,Mid-Hill,1.0715523182214388,Standard,-0.004638824610552831,0.35014716971853177,0.45035038800766997,-0.02161722814913594,0,0,Moderate,-0.47378652041246105,0.7474310986120957,1.1709550060017633,0.064023703492824,1
UKL10889,Tehri Garhwal,Champawat,Mid-Hill,Mid-Hill,0.29592018305688034,Standard,0.3819298929355018,0.03727690501620112,-0.17954916121423906,1.2088588890073704,0,1,Moderate,-1.0222133627952597,0.7474310986120957,0.7922693335109484,0.08288470297914764,1
UKL10890,Dehradun,Chamoli,Plain/Lower Hill,High-Hill,-1.0162394441012073,Same Day,-0.004638824610552831,0.205047916523248,-0.614920908470559,-0.3572016237372743,0,0,Moderate,1.308600717331632,-2.6134118301519234,-2.439181738410669,0.2784606393373282,1
UKL10891,Pauri Garhwal,Rudraprayag,Mid-Hill,High-Hill,0.57681954027813,Second Class,-0.004638824610552831,0.413628092991468,-0.23512853320440766,-0.27330552484023973,0,0,Good,0.18889591413341897,0.03452502281366723,-0.4952619529578214,0.29638469932433026,1
UKL10892,Chamoli,Nainital,High-Hill,Mid-Hill,-1.6266366632532658,Standard,-0.004638824610552831,-0.6156697343625753,-1.8469303209192935,-1.6995392060898267,0,1,Good,-1.6848957973411407,0.7474310986120957,0.04331322569578209,-1.8584539396131154,1
UKL10893,Pithoragarh,Tehri Garhwal,High-Hill,Mid-Hill,0.7576059777976889,Second Class,-0.004638824610552831,1.0801777873573024,-0.51302539315525,0.11820960334592173,0,0,Moderate,0.4402582168922021,0.03452502281366723,0.5903036415158471,0.6417080095739234,1
UKL10894,Uttarkashi,Champawat,High-Hill,Mid-Hill,1.621687391533644,First Class,0.7684986104815564,-1.4499904402354564,2.668893653281895,2.411369639864865,0,0,Good,1.2628984804663999,-0.9839122283269446,-0.6383209847876846,2.0887906980245896,1
UKL10895,Rudraprayag,Bageshwar,High-Hill,Mid-Hill,1.1094591518948946,Standard,-0.004638824610552831,0.7219640060314457,1.3210938825203091,-0.6927860193254124,0,1,Moderate,1.2628984804663999,0.7474310986120957,0.3715074751878211,0.43354449472487083,1
UKL10896,Nainital,Bageshwar,Mid-Hill,Mid-Hill,0.1404049679862922,Second Class,0.7684986104815564,-2.5699753008365525,-2.5370408564638853,0.45379399893405953,0,1,Good,-0.9765111259300263,0.03452502281366723,-0.2007286521316318,0.036730248512615325,1
UKL10897,Haridwar,Udham Singh Nagar,Plain/Lower Hill,Plain/Lower Hill,-1.9580784653724568,Standard,-1.1643449772487167,-0.6700819543108069,-1.1753462427047578,-0.8605782171194813,0,0,Moderate,-0.7251488231712442,0.7474310986120957,0.1358808345268696,-2.0013168450095207,1
UKL10898,Pithoragarh,Dehradun,High-Hill,Plain/Lower Hill,-0.6430029279317958,First Class,-0.3912075421566074,0.6358113244467464,0.9088802069265601,1.0131013249142895,0,1,Moderate,-0.08531750705798029,-0.9839122283269446,-0.4363552927925833,-0.214532483305184,1
UKL10899,Tehri Garhwal,Uttarkashi,Mid-Hill,High-Hill,1.0939076303878355,Same Day,0.7684986104815564,0.44083420296558407,-2.5370408564638853,1.3207203542034165,0,0,Poor,0.9429828224097664,-2.6134118301519234,-2.615901718906383,2.520475388211559,1
UKL10900,Uttarkashi,Bageshwar,High-Hill,Mid-Hill,1.0453091256782767,Standard,0.3819298929355018,0.46350596127734717,-0.7121848094533539,1.6003740171935312,0,0,Good,-0.15387086235582859,0.7474310986120957,0.7249474361792481,0.8721136534068483,1
UKL10901,Nainital,Udham Singh Nagar,Mid-Hill,Plain/Lower Hill,-0.4145899557968695,Standard,1.5416360455736655,-0.7199598225966857,1.501726841488357,-0.3851669900362859,0,0,Good,0.07464032197033646,0.7474310986120957,-0.17548294063224396,-0.31824761222997644,1
UKL10902,Almora,Champawat,Mid-Hill,Mid-Hill,0.2619012297601892,Standard,0.7684986104815564,-0.46603612950493883,0.11224254173414526,-1.280058711604654,0,1,Good,0.09749144040295256,0.7474310986120957,0.1358808345268696,0.37472098876752574,1
UKL10903,Champawat,Dehradun,Mid-Hill,Plain/Lower Hill,-0.898631062704075,Standard,-1.1643449772487167,1.510941195280801,-0.06375880290138809,0.7334476619241749,0,1,Good,-1.319277902419275,0.7474310986120957,0.06014370002870682,-1.3871326349548885,1
UKL10904,Uttarkashi,Haridwar,High-Hill,Plain/Lower Hill,0.5398846766988652,Second Class,-0.004638824610552831,-0.29373076633553963,0.7421420909560543,-0.944474316016516,0,1,Good,0.6916205196509853,0.03452502281366723,0.16112654602625748,-0.05574160642033007,1
UKL10905,Dehradun,Nainital,Plain/Lower Hill,Mid-Hill,-1.5313835940225304,Standard,1.155067328027611,-0.11235669984143504,0.654141418638288,-0.27330552484023973,1,1,Moderate,0.6687694012183671,0.7474310986120957,1.9788177739821677,-1.0900820771702906,1
UKL10906,Nainital,Chamoli,Mid-Hill,High-Hill,1.5857244980485707,Second Class,0.3819298929355018,-0.2801277113484819,1.0478286369019814,-0.8605782171194813,0,0,Moderate,-0.7708510600364774,0.03452502281366723,0.5734731671829224,0.9745659508325558,1
UKL10907,Haridwar,Uttarkashi,Plain/Lower Hill,High-Hill,0.14720875864563032,First Class,0.3819298929355018,1.3068953704749333,1.0895131658946073,-0.077547960747159,0,1,Good,-1.0679155996604928,-0.9839122283269446,-0.8823628626150984,0.5642271866301076,1
UKL10908,Nainital,Haridwar,Mid-Hill,Plain/Lower Hill,-1.0055477730651043,Standard,-0.004638824610552831,-2.5654409491742,-2.411987269486006,-0.5249938215313432,0,0,Good,-0.45093540197984494,0.7474310986120957,0.09380464869455704,-1.1449134061305306,1
UKL10909,Pithoragarh,Champawat,High-Hill,Mid-Hill,-0.04426934991003124,Standard,-0.004638824610552831,0.7809105776420302,0.5198246029953806,-0.9724396823155275,0,0,Good,1.5828141385230314,0.7474310986120957,0.018067514196394237,-0.5486125195629306,1
UKL10910,Rudraprayag,Bageshwar,High-Hill,Mid-Hill,0.6555491179076155,Standard,-0.3912075421566074,-1.336631648676641,0.14929545639425745,1.236824255306382,0,1,Good,0.05178920353772036,0.7474310986120957,0.9858197883395874,0.2278251698740456,1
UKL10911,Nainital,Udham Singh Nagar,Mid-Hill,Plain/Lower Hill,-0.8898833318563544,Standard,-1.1643449772487167,0.7899792809667349,0.13076899906420103,-0.3851669900362859,0,0,Moderate,0.12034255883557068,0.7474310986120957,0.00965227702993187,-1.228586177069856,1
UKL10912,Chamoli,Champawat,High-Hill,Mid-Hill,-0.15798985093039872,Second Class,1.155067328027611,2.4722237476995548,1.158987380882318,-2.007158235378953,0,1,Good,0.9201317039771504,0.03452502281366723,0.18637225752564532,-0.13872185686015753,1
UKL10913,Pithoragarh,Udham Singh Nagar,High-Hill,Plain/Lower Hill,-1.2485402966128982,Standard,0.3819298929355018,-0.9920209223378426,0.20487482838442606,-0.944474316016516,0,1,Good,0.04036364432141231,0.7474310986120957,0.7165321990127856,-1.5126417913638768,1
UKL10914,Almora,Champawat,Mid-Hill,Mid-Hill,-0.014138276990105114,Second Class,-0.3912075421566074,1.3749106454102225,-0.5408150791503343,-2.007158235378953,0,0,Good,-2.370429350319638,0.03452502281366723,-0.8823628626150984,-0.11599088987664091,1
UKL10915,Haridwar,Bageshwar,Plain/Lower Hill,Mid-Hill,-1.2738115190618688,Standard,-1.1643449772487167,1.8782236799313625,0.936669892921644,-0.8605782171194813,0,1,Good,0.04036364432141231,0.7474310986120957,-0.024008671635918345,-1.633669932776115,1
UKL10916,Tehri Garhwal,Pauri Garhwal,Mid-Hill,Mid-Hill,-0.7878264719662809,First Class,-0.7777762597026621,-1.7356545949636712,1.4785687698257868,0.006348138149875597,0,0,Moderate,-0.88510665219956,-0.9839122283269446,-0.8487019139492482,-0.43402074514602534,1
UKL10917,Pithoragarh,Nainital,High-Hill,Mid-Hill,0.7449703665732036,Standard,3.087910915757884,0.9486815891490764,0.552245903322979,-0.5529591878303548,0,0,Moderate,-0.49663763884507817,0.7474310986120957,0.8090998078438739,1.314186151086285,1
UKL10918,Chamoli,Uttarkashi,High-Hill,High-Hill,0.4562952485984244,Second Class,-1.9374824123408259,0.17330745488677957,-0.05912718856887431,2.2435774420707957,0,0,Good,-1.0450644812278758,0.03452502281366723,-0.35220292112795737,0.20281295889218248,1
UKL10919,Nainital,Uttarkashi,Mid-Hill,High-Hill,-0.31642097628356053,Standard,-0.3912075421566074,-1.2142041537931205,-0.6195525228030732,-1.1402318801095963,0,1,Moderate,1.4457074279273328,0.7474310986120957,0.9016674166749614,-0.5961112785284873,1
UKL10920,Nainital,Chamoli,Mid-Hill,High-Hill,2.0036716385507765,Standard,-0.7777762597026621,0.9078724241879033,0.9737228075817562,1.404616453100451,0,0,Poor,-0.49663763884507817,0.7474310986120957,0.8511759936761866,1.7387012172784535,1
UKL10921,Rudraprayag,Almora,High-Hill,Mid-Hill,0.02085264640077744,Standard,-0.3912075421566074,-0.3526773379461235,-0.10081171756150092,-0.7487167519234352,0,1,Good,1.102940651438083,0.7474310986120957,0.5482274556835346,-0.560426104554364,1
UKL10922,Haridwar,Udham Singh Nagar,Plain/Lower Hill,Plain/Lower Hill,-2.449895333033192,Second Class,-0.7777762597026621,-0.7108911192719803,-2.2035646245228744,-0.7487167519234352,0,0,Poor,-1.6391935604759074,0.03452502281366723,-0.08291533180115641,-2.0651916769632024,1
UKL10923,Pauri Garhwal,Bageshwar,Mid-Hill,Mid-Hill,-0.3747391819350311,Standard,0.7684986104815564,1.0439029740584818,0.5429826746579508,-0.02161722814913594,0,0,Good,-0.35953092824937855,0.7474310986120957,0.23686368052442028,-0.05574160642033007,1
UKL10924,Dehradun,Tehri Garhwal,Plain/Lower Hill,Mid-Hill,-0.14924212008267834,Standard,1.5416360455736655,-0.4796391844919972,-0.1841807755467535,0.17414033594394418,0,0,Good,0.5088115721900525,0.7474310986120957,0.36309223802135876,-0.4507634466338846,1
UKL10925,Pauri Garhwal,Nainital,Mid-Hill,Mid-Hill,0.9976825910629092,First Class,-0.7777762597026621,-2.3341890143942163,-0.5686047651454186,-0.02161722814913594,0,1,Moderate,0.9429828224097664,-0.9839122283269446,0.40516842385367136,0.974973315832261,1
UKL10926,Nainital,Haridwar,Mid-Hill,Plain/Lower Hill,-0.8996030327982661,First Class,1.155067328027611,-0.6791506576355119,0.2882438863696786,-0.7487167519234352,0,0,Good,0.14319367726818677,-0.9839122283269446,-1.143235214775437,-0.3161293142315126,1
UKL10927,Pithoragarh,Chamoli,High-Hill,High-Hill,1.2591425464003354,Standard,-1.5509136947947713,1.7149870200866686,0.7606685482861107,-0.8605782171194813,0,0,Good,-0.3823820466819946,0.7474310986120957,0.3378465265219709,0.2810270388354667,1
UKL10928,Bageshwar,Haridwar,Mid-Hill,Plain/Lower Hill,0.40478083360629197,First Class,-1.5509136947947713,1.8011397016713684,-0.6427105944656433,0.06227887074789867,0,0,Moderate,-0.1767219807884467,-0.9839122283269446,-1.0422523687778864,0.27133175184249764,1
UKL10929,Dehradun,Haridwar,Plain/Lower Hill,Plain/Lower Hill,-2.2817445067381183,First Class,-0.3912075421566074,0.19144486153619028,1.0570918655670087,-0.8046474845214583,0,1,Moderate,0.14319367726818677,-0.9839122283269446,-0.9076085741144856,-1.8674974426065578,1
UKL10930,Udham Singh Nagar,Tehri Garhwal,Plain/Lower Hill,Mid-Hill,-0.6488347484969429,Standard,0.7684986104815564,-0.7199598225966857,-1.8052457919266671,0.2021057022429557,0,0,Moderate,0.2117470325660371,0.7474310986120957,0.6660407760140107,-0.6053584640217817,1
UKL10931,Pithoragarh,Bageshwar,High-Hill,Mid-Hill,2.2913747864313647,Same Day,0.7684986104815564,-1.1099140655590103,0.014978640751350048,0.17414033594394418,0,0,Good,-1.4563846130149745,-2.6134118301519234,-1.7238865792613527,2.7297082361848366,1
UKL10932,Rudraprayag,Chamoli,High-Hill,High-Hill,1.5439297839983501,Standard,-2.3240511298868807,0.205047916523248,-1.7867193345966108,0.2860018011399903,0,0,Good,-0.6565954678733938,0.7474310986120957,0.5903036415158471,0.49636017767932117,1
UKL10933,Uttarkashi,Nainital,High-Hill,Mid-Hill,0.9899068303093798,Standard,-0.004638824610552831,-0.6564788993237488,0.8718272922664473,1.404616453100451,0,0,Moderate,1.1714940067359334,0.7474310986120957,0.44724460968598395,0.4033587482467593,1
UKL10934,Dehradun,Haridwar,Plain/Lower Hill,Plain/Lower Hill,-1.2427084760477514,Standard,-1.1643449772487167,0.2821318947832426,0.3252968010297908,-0.46906308893332016,0,0,Good,-2.710339737004811,0.7474310986120957,-0.22597436363101964,-1.5973737113024344,1
UKL10935,Almora,Champawat,Mid-Hill,Mid-Hill,1.642098763511659,First Class,-1.5509136947947713,1.5245442502678586,-0.9761868264066539,0.6495515630271402,0,0,Moderate,-1.776300271071607,-0.9839122283269446,-0.7308885936187721,1.5624343819062703,1
UKL10936,Almora,Chamoli,Mid-Hill,High-Hill,0.988934860215189,Standard,-1.9374824123408259,-1.4635934952225145,-0.6102892941380449,2.5511964713599227,1,0,Good,0.18889591413341897,0.7474310986120957,0.3799227123542835,0.3445352422894151,1
UKL10937,Rudraprayag,Nainital,High-Hill,Mid-Hill,-1.158147077853119,First Class,0.3819298929355018,-0.9194712957402006,-0.32776081985468847,-0.1334786933451821,0,0,Moderate,-0.8622555337669429,-0.9839122283269446,-0.9496847599467981,-0.41968149715642333,1
UKL10938,Haridwar,Almora,Plain/Lower Hill,Mid-Hill,0.9558878770126886,Second Class,-0.3912075421566074,-1.3184942420272305,-0.9900816694041962,-1.224127979006631,0,0,Good,-0.15387086235582859,0.03452502281366723,-0.5878295617889089,0.5434923081451436,1
UKL10939,Haridwar,Chamoli,Plain/Lower Hill,High-Hill,-0.9345939561891486,Standard,-0.3912075421566074,0.05087996000325883,1.0756183228970653,-0.3292362574382628,1,1,Good,-0.5651909941429275,0.7474310986120957,0.8511759936761866,-1.3696159399675902,1
UKL10940,Dehradun,Pithoragarh,Plain/Lower Hill,High-Hill,-0.14146635932914883,Standard,1.92820476311972,-0.7607689875578592,-0.38797180617737115,-1.112266513810585,1,1,Moderate,1.3543029541968663,0.7474310986120957,1.6169625758242783,-0.16218608084314273,1
UKL10941,Dehradun,Pauri Garhwal,Plain/Lower Hill,Mid-Hill,0.6458294169657037,First Class,0.7684986104815564,1.9462389548666517,0.11224254173414526,-1.867331403883896,0,0,Moderate,0.417407098459586,-0.9839122283269446,-0.6551514591206093,1.3028206675945266,1
UKL10942,Rudraprayag,Chamoli,High-Hill,High-Hill,2.719041627875482,Standard,0.3819298929355018,1.261551853851407,-0.6843951234582696,0.985135958615278,0,1,Moderate,-1.570640205178057,0.7474310986120957,1.3645054608304021,2.2567472874027983,1
UKL10943,Nainital,Pauri Garhwal,Mid-Hill,Mid-Hill,-0.744087817727678,Standard,-0.7777762597026621,1.8736893282690101,-1.096608799052019,-0.9165089497175044,0,0,Poor,0.645918282785751,0.7474310986120957,0.3799227123542835,-1.0495492596996827,1
UKL10944,Udham Singh Nagar,Chamoli,Plain/Lower Hill,High-Hill,-0.22408381733539878,Second Class,-0.004638824610552831,1.2298113922149387,0.30677034369973505,-1.224127979006631,1,0,Poor,-0.33667980981676143,0.03452502281366723,0.3799227123542835,0.12178806045093718,1
UKL10945,Almora,Tehri Garhwal,Mid-Hill,Mid-Hill,-0.2522709500669432,Standard,-0.3912075421566074,-0.11689105150378803,1.2006719098749445,-0.9165089497175044,0,0,Good,0.6916205196509853,0.7474310986120957,0.8006845706774108,-0.8728343228278254,1
UKL10946,Haridwar,Dehradun,Plain/Lower Hill,Plain/Lower Hill,-2.0824906374289274,First Class,-0.7777762597026621,-0.5113796461284653,0.464245231005212,-0.7487167519234352,0,1,Poor,-0.08531750705798029,-0.9839122283269446,-1.4630142271010138,-1.2036554390879344,1
UKL10947,Pauri Garhwal,Nainital,Mid-Hill,Mid-Hill,-0.05690496113451664,Standard,-0.7777762597026621,-1.8127385732236656,0.6958259476309139,-0.30127089113925126,1,0,Good,0.8744294671119182,0.7474310986120957,1.2887683263322385,-0.3912474201770419,1
UKL10948,Almora,Rudraprayag,Mid-Hill,High-Hill,-1.7102260913537068,Standard,0.7684986104815564,-0.9466774057143164,-0.5824996081429606,1.8240969475856235,0,0,Moderate,0.8515783486793,0.7474310986120957,1.3140140378316265,-1.3978463344471195,1
UKL10949,Dehradun,Rudraprayag,Plain/Lower Hill,High-Hill,-0.21047623601672255,Standard,0.3819298929355018,0.9985594574349556,0.3114019580322488,0.2021057022429557,0,0,Moderate,-0.42808428354722783,0.7474310986120957,0.5650579300164601,-0.43345043414643897,1
UKL10950,Haridwar,Tehri Garhwal,Plain/Lower Hill,Mid-Hill,-1.3437933658436336,Standard,-0.3912075421566074,0.40909374132911563,1.2006719098749445,0.2021057022429557,0,1,Good,-1.524937968312824,0.7474310986120957,0.9184978910078869,-1.7775105141718106,1
UKL10951,Rudraprayag,Champawat,High-Hill,Mid-Hill,0.5525202879233506,Second Class,-0.3912075421566074,0.6222082694596887,1.4229893978356183,-0.3851669900362859,0,1,Good,0.8058761118140678,0.03452502281366723,0.18637225752564532,0.49359009568132955,1
UKL10952,Bageshwar,Tehri Garhwal,Mid-Hill,Mid-Hill,-1.8647693363301039,Standard,1.155067328027611,-1.327562945351936,-2.027563279887341,-0.5529591878303548,0,0,Moderate,0.2574492694312693,0.7474310986120957,0.5398122185170722,-1.565028930325889,1
UKL10953,Dehradun,Bageshwar,Plain/Lower Hill,Mid-Hill,-0.40001040438400187,Second Class,-1.1643449772487167,0.3818876313549996,-0.19807561854429548,0.5656554641301057,0,0,Good,1.514260783225181,0.03452502281366723,-1.4125228041022384,-0.5354138935725014,0
UKL10954,Pauri Garhwal,Uttarkashi,Mid-Hill,High-Hill,-0.8578083187480456,Standard,-1.1643449772487167,0.8852006658761402,-0.41112987783994137,1.292754987904405,0,0,Moderate,0.2117470325660371,0.7474310986120957,0.9605740768401996,-1.2208055055754983,1
UKL10955,Dehradun,Tehri Garhwal,Plain/Lower Hill,Mid-Hill,-0.31447703609517824,Standard,-0.3912075421566074,0.17784180654913193,0.2882438863696786,-1.3080240779036656,0,0,Poor,0.9429828224097664,0.7474310986120957,1.1204635830029883,-0.5246187210803294,1
UKL10956,Almora,Chamoli,Mid-Hill,High-Hill,-0.8014340532849574,Second Class,-0.004638824610552831,0.13703264158795878,-1.4393482596580578,0.6215861967281288,1,1,Moderate,-1.1821711918235753,0.03452502281366723,0.7922693335109484,-0.7140434459429704,1
UKL10957,Tehri Garhwal,Uttarkashi,Mid-Hill,High-Hill,0.4640710093519539,Standard,0.3819298929355018,0.25039143314677414,-0.14249624655412688,0.03431350444888713,0,0,Poor,1.1943451251685495,0.7474310986120957,0.48932079551829727,0.41672032023707023,1
UKL10958,Pauri Garhwal,Champawat,Mid-Hill,Mid-Hill,0.8373075255213652,Second Class,-1.1643449772487167,0.5813991044985148,-1.7913509489291248,0.14617496964493265,1,0,Moderate,0.6002160459205189,0.03452502281366723,0.7586083848450983,0.8783870744022991,1
UKL10959,Haridwar,Champawat,Plain/Lower Hill,Mid-Hill,-0.6468908083085604,Second Class,-1.1643449772487167,-0.04887577656849882,-0.18881238987926727,0.11820960334592173,0,0,Good,-0.03961527019274606,0.03452502281366723,-1.0422523687778864,-0.5815683480390332,1
UKL10960,Nainital,Chamoli,Mid-Hill,High-Hill,2.309842218220997,First Class,-0.3912075421566074,-0.842387317480206,0.8764589065989618,0.7054822956251633,0,1,Moderate,0.12034255883557068,-0.9839122283269446,-0.03242390880238071,1.9600633581179352,1
UKL10961,Almora,Rudraprayag,Mid-Hill,High-Hill,0.44074372709136533,Standard,2.314773480665775,-0.18490632643907726,-0.1517594752191551,0.7054822956251633,0,1,Moderate,-1.0450644812278758,0.7474310986120957,1.3981664094962516,0.49041264868363377,1
UKL10962,Nainital,Almora,Mid-Hill,Mid-Hill,0.13846102779790995,Standard,-0.004638824610552831,0.4544372579526418,1.4044629405055618,-0.46906308893332016,0,0,Poor,1.8113253228491963,0.7474310986120957,1.1793702431682256,-0.15737917384662814,1
UKL10963,Nainital,Chamoli,Mid-Hill,High-Hill,1.7558192645320265,Second Class,-0.004638824610552831,1.4655976786572746,1.7286759437815444,0.3139671674390018,0,1,Good,0.006086966672486133,0.03452502281366723,0.11905036019394488,1.6077333698734226,1
UKL10964,Dehradun,Nainital,Plain/Lower Hill,Mid-Hill,0.9335325648462914,Same Day,0.3819298929355018,1.9281015482172417,0.30677034369973505,-1.0843011475115736,0,1,Moderate,0.3031515062965035,-2.6134118301519234,-2.0268351172540044,2.1283865759958775,1
UKL10965,Haridwar,Rudraprayag,Plain/Lower Hill,High-Hill,0.7809332600582769,Standard,-0.7777762597026621,0.6176739177973357,-0.6751318947932414,0.9012398597182435,1,0,Good,-0.245275336086295,0.7474310986120957,1.0447264485048247,0.06141656749471506,1
UKL10966,Bageshwar,Pauri Garhwal,Mid-Hill,Mid-Hill,-0.33197249779061955,Standard,0.3819298929355018,0.712895302706741,0.9737228075817562,-0.6648206530264009,0,1,Good,1.8570275597144306,0.7474310986120957,0.8090998078438739,-0.6970155889553178,1
UKL10967,Uttarkashi,Pithoragarh,High-Hill,High-Hill,2.309842218220997,Second Class,1.92820476311972,-0.7879750975319749,1.2006719098749445,0.39786326633603647,0,0,Moderate,0.8744294671119182,0.03452502281366723,0.36309223802135876,2.5740438856727152,1
UKL10968,Tehri Garhwal,Udham Singh Nagar,Mid-Hill,Plain/Lower Hill,-0.36696342118150155,Second Class,-1.1643449772487167,0.014605146704438045,1.117302851889692,-1.7834353049868614,0,0,Moderate,0.5088115721900525,0.03452502281366723,-0.6467362219541469,-0.8585358113381933,1
UKL10969,Nainital,Pithoragarh,Mid-Hill,High-Hill,-0.09578376490216367,First Class,-0.004638824610552831,0.4680403129396995,0.07055801274151866,0.14617496964493265,0,0,Good,0.2345981509986532,-0.9839122283269446,-0.6046600361218344,0.034571214014181034,1
UKL10970,Pithoragarh,Haridwar,High-Hill,Plain/Lower Hill,-0.4505528492819429,First Class,-0.3912075421566074,1.6333686901643216,-1.4856644029831982,0.9571705923162666,0,0,Moderate,-0.7708510600364774,-0.9839122283269446,-0.37744863262734524,-0.20544824381177126,1
UKL10971,Haridwar,Almora,Plain/Lower Hill,Mid-Hill,0.17053604090621832,Standard,-0.004638824610552831,0.03274255335384876,-0.9345022974140277,-0.27330552484023973,0,0,Moderate,-1.776300271071607,0.7474310986120957,0.3715074751878211,-0.01557541744945555,1
UKL10972,Tehri Garhwal,Dehradun,Mid-Hill,Plain/Lower Hill,0.6788764001682035,Second Class,1.5416360455736655,1.1890022272537655,0.06129478407649044,0.5376900978310941,0,0,Poor,2.0626876256079796,0.03452502281366723,0.7501931476786359,1.1030488717393878,1
UKL10973,Dehradun,Tehri Garhwal,Plain/Lower Hill,Mid-Hill,-0.6546665690620899,Second Class,-0.3912075421566074,0.7673075226549718,-1.0641874987244209,0.8732744934192319,0,0,Moderate,0.14319367726818677,0.03452502281366723,0.3799227123542835,-0.630329938503674,1
UKL10974,Bageshwar,Uttarkashi,Mid-Hill,High-Hill,-0.8568363486538546,Standard,-1.1643449772487167,-0.7426315809084487,0.7375104766235405,1.4605471856984742,0,1,Good,0.3031515062965035,0.7474310986120957,1.2214464290005382,-1.1633263041171786,1
UKL10975,Dehradun,Bageshwar,Plain/Lower Hill,Mid-Hill,-0.35627175014539897,Standard,-0.7777762597026621,0.6811548410702726,1.8120450017667977,-0.44109772263430863,0,0,Good,1.9941342703101292,0.7474310986120957,0.7165321990127856,-1.1649965006159673,1
UKL10976,Chamoli,Pithoragarh,High-Hill,High-Hill,0.0665352408277626,Same Day,0.7684986104815564,-0.6746163059731595,-0.031337502573790345,0.7334476619241749,0,0,Moderate,1.3543029541968663,-2.6134118301519234,-2.237216046415568,1.5555499134112631,1
UKL10977,Nainital,Rudraprayag,Mid-Hill,High-Hill,0.6953998917694534,Standard,-0.7777762597026621,0.31387235641971034,-0.7862906387735785,1.0690320575123127,0,1,Good,0.3717048615943518,0.7474310986120957,0.6323798273481605,-0.28435484425455365,1
UKL10978,Tehri Garhwal,Nainital,Mid-Hill,Mid-Hill,-0.3407202286383399,Standard,-0.3912075421566074,0.4680403129396995,-0.20270723287680925,-0.2453401585412282,0,0,Good,1.1714940067359334,0.7474310986120957,0.6239645901816974,-0.8615910488359778,1
UKL10979,Chamoli,Pithoragarh,High-Hill,High-Hill,1.8821753767768794,Second Class,0.3819298929355018,-0.0035322599449726703,-0.6566054374631853,1.7122354823895773,0,0,Moderate,-0.03961527019274606,0.03452502281366723,1.196200717501151,1.5711112563999787,1
UKL10980,Rudraprayag,Champawat,High-Hill,Mid-Hill,-0.2522709500669432,Standard,-0.7777762597026621,-0.7743720425449169,-1.1197668707145891,-0.6368552867273893,0,0,Moderate,-0.7479999416038603,0.7474310986120957,0.12746559736040725,-1.1936749965951718,1
UKL10981,Champawat,Dehradun,Mid-Hill,Plain/Lower Hill,0.09861025393607152,First Class,-0.3912075421566074,-0.1214254031661404,-2.5370408564638853,-0.02161722814913594,0,0,Poor,-0.9765111259300263,-0.9839122283269446,-0.9328542856138734,0.12928357644550156,1
UKL10982,Haridwar,Nainital,Plain/Lower Hill,Mid-Hill,-1.1105205432377514,Standard,-0.7777762597026621,-0.3436086346214188,-0.1934440042117817,-1.6995392060898267,0,1,Moderate,-0.245275336086295,0.7474310986120957,-0.1081610433005435,-1.2583238220482926,1
UKL10983,Tehri Garhwal,Nainital,Mid-Hill,Mid-Hill,0.5515483178291597,First Class,1.5416360455736655,-0.20304373308848733,-0.5593415364803904,-0.5249938215313432,0,0,Poor,0.9658339408423825,-0.9839122283269446,0.22003320619149552,1.3987551250249608,1
UKL10984,Almora,Uttarkashi,Mid-Hill,High-Hill,2.313730098597761,Standard,0.3819298929355018,0.2912005981079473,1.0061441079093547,0.9012398597182435,0,1,Moderate,-0.5651909941429275,0.7474310986120957,0.7922693335109484,1.714625945795911,1
UKL10985,Haridwar,Uttarkashi,Plain/Lower Hill,High-Hill,0.43782781680879174,Standard,0.7684986104815564,1.5381473052549164,0.01961025508386448,1.9918891453796927,0,0,Moderate,-1.1821711918235753,0.7474310986120957,1.0615569228377502,0.43338154872498913,1
UKL10986,Almora,Dehradun,Mid-Hill,Plain/Lower Hill,-1.6703753174918687,Standard,-0.004638824610552831,0.06901736665266955,0.3808761730199594,-1.7554699386878498,0,0,Good,0.05178920353772036,0.7474310986120957,-0.234389600797482,-2.240440099836123,1
UKL10987,Udham Singh Nagar,Champawat,Plain/Lower Hill,Mid-Hill,-0.4077861651375314,First Class,0.3819298929355018,0.9260098308373134,-0.735342881115924,0.6495515630271402,1,0,Good,-0.5423398757103114,-0.9839122283269446,-0.3858638697938076,-0.02197104794481758,1
UKL10988,Udham Singh Nagar,Pauri Garhwal,Plain/Lower Hill,Mid-Hill,0.06167539035680672,Second Class,0.3819298929355018,0.09622347662678499,-0.832606782098719,-0.3851669900362859,0,0,Moderate,-1.7077469157737568,0.03452502281366723,-0.21755912646455727,-0.03712502593382898,1
UKL10989,Bageshwar,Nainital,Mid-Hill,Mid-Hill,0.05973145016842448,First Class,0.3819298929355018,0.14156699325031114,-0.031337502573790345,-1.2520933453056424,0,0,Moderate,1.6285163753882637,-0.9839122283269446,-1.084328554610199,0.27418330684043,1
UKL10990,Uttarkashi,Tehri Garhwal,High-Hill,Mid-Hill,-0.904462883269222,Standard,-0.7777762597026621,1.7059183167619631,1.0941447802271216,1.5164779182964971,0,0,Moderate,0.46310933532481824,0.7474310986120957,0.29577034068965835,-1.439845665916664,1
UKL10991,Champawat,Chamoli,Mid-Hill,High-Hill,-0.4252816268329721,Standard,0.3819298929355018,-1.8127385732236656,0.35308648702487544,0.06227887074789867,1,0,Poor,0.04036364432141231,0.7474310986120957,1.3729206979968644,0.024712981021330238,1
UKL10992,Dehradun,Bageshwar,Plain/Lower Hill,Mid-Hill,-0.7227044756554721,Standard,-0.3912075421566074,-1.3955782202872251,-1.0688191130569347,1.0690320575123127,0,0,Good,-1.799151389504223,0.7474310986120957,0.6239645901816974,-1.0377764112082193,1
UKL10993,Haridwar,Almora,Plain/Lower Hill,Mid-Hill,-1.5984495305217217,Second Class,0.7684986104815564,-0.7244941742590381,-0.8048170961036347,0.3139671674390018,0,0,Moderate,1.2171962436011656,0.03452502281366723,-0.4026943441267331,-1.1428765811320074,1
UKL10994,Pauri Garhwal,Pithoragarh,Mid-Hill,High-Hill,0.3347989868245274,Standard,-1.1643449772487167,-1.445456088573104,0.18634837105436963,0.5936208304291172,0,0,Poor,0.07464032197033646,0.7474310986120957,1.3981664094962516,-0.39397676567506257,1
UKL10995,Tehri Garhwal,Almora,Mid-Hill,Mid-Hill,0.6409695664947478,Standard,1.155067328027611,1.4021167553843379,-1.4717695599856562,2.159681343173762,0,1,Moderate,-0.15387086235582859,0.7474310986120957,0.3799227123542835,0.6090373365976142,1
UKL10996,Almora,Pauri Garhwal,Mid-Hill,Mid-Hill,-0.5798248718093694,Second Class,-0.004638824610552831,2.0958725597242887,0.8255111489413068,-1.056335781212562,0,0,Good,0.46310933532481824,0.03452502281366723,-0.3185419724621072,-0.6988487314539886,1
UKL10997,Udham Singh Nagar,Bageshwar,Plain/Lower Hill,Mid-Hill,-0.061764811605472515,Standard,-0.7777762597026621,-0.5068452944661126,-0.3092343625246324,0.2860018011399903,0,1,Moderate,0.09749144040295256,0.7474310986120957,0.34626176368843326,-0.6259303965068646,1
UKL10998,Rudraprayag,Bageshwar,High-Hill,Mid-Hill,-0.008306456424957838,Standard,1.5416360455736655,0.12342958660090106,0.47814007400275393,-0.21737479224221667,0,1,Moderate,-0.1995730992210628,0.7474310986120957,1.305598800665164,0.0795035734815988,1
UKL10999,Pauri Garhwal,Udham Singh Nagar,Mid-Hill,Plain/Lower Hill,-1.1979978517149572,Standard,1.92820476311972,1.343170183773754,-0.22586530453937945,-0.46906308893332016,0,1,Good,-0.7251488231712442,0.7474310986120957,0.7249474361792481,-1.0067759347306993,1
UKL11000,Uttarkashi,Champawat,High-Hill,Mid-Hill,0.1520686091165862,Standard,-0.004638824610552831,0.11889523493854806,-1.1197668707145891,-0.30127089113925126,0,0,Moderate,-0.8394044153343267,0.7474310986120957,1.6169625758242783,-0.11419848387794043,1
